-- phpMyAdmin SQL Dump
-- version 5.2.1
-- https://www.phpmyadmin.net/
--
-- Host: db_ostie:3306
-- Generation Time: Sep 15, 2023 at 08:34 PM
-- Server version: 5.7.40
-- PHP Version: 8.1.17

SET SQL_MODE = "NO_AUTO_VALUE_ON_ZERO";
START TRANSACTION;
SET time_zone = "+00:00";


/*!40101 SET @OLD_CHARACTER_SET_CLIENT=@@CHARACTER_SET_CLIENT */;
/*!40101 SET @OLD_CHARACTER_SET_RESULTS=@@CHARACTER_SET_RESULTS */;
/*!40101 SET @OLD_COLLATION_CONNECTION=@@COLLATION_CONNECTION */;
/*!40101 SET NAMES utf8mb4 */;

--
-- Database: `db_24mklen`
--

-- --------------------------------------------------------

--
-- Table structure for table `centre`
--

CREATE TABLE `centre` (
  `centre_id` int(11) UNSIGNED NOT NULL,
  `centre_code` varchar(50) DEFAULT NULL,
  `centre_nom` varchar(160) DEFAULT NULL,
  `centre_localisation` varchar(255) DEFAULT NULL,
  `centre_tel` varchar(160) DEFAULT NULL,
  `centre_type` varchar(50) DEFAULT NULL,
  `centre_perslRespId` int(11) UNSIGNED DEFAULT '0',
  `centre_prsnlCBA` int(11) DEFAULT '0',
  `centre_prsnlPharmacie` int(11) DEFAULT '0',
  `centre_creationDate` date DEFAULT NULL,
  `centre_etatId` int(5) NOT NULL DEFAULT '1',
  `centre_ilaharana` int(11) NOT NULL,
  `centre_database` varchar(255) NOT NULL
) ENGINE=MyISAM DEFAULT CHARSET=utf8;

--
-- Dumping data for table `centre`
--

INSERT INTO `centre` (`centre_id`, `centre_code`, `centre_nom`, `centre_localisation`, `centre_tel`, `centre_type`, `centre_perslRespId`, `centre_prsnlCBA`, `centre_prsnlPharmacie`, `centre_creationDate`, `centre_etatId`, `centre_ilaharana`, `centre_database`) VALUES
(1, '1', 'PHARMACIE DE RESERVE', 'ANOSIBE', '', 'DISPENSAIRE', 61, 218, 17, '2008-07-23', 4, 0, ''),
(2, '01', 'BEHORIRIKA', 'BEHORIRIKA', '', 'DISPENSAIRE', 619, 123, 690, '1977-05-15', 1, 1, ''),
(3, '02', 'AMPASAMADINIKA', 'AMPASAMADINIKA', '', 'DISPENSAIRE', 718, 67, 137, '0000-00-00', 1, 0, ''),
(4, '03', 'AMBOHIMANARINA', 'ROUTE DU PAPE ANOSIVAVAKA AMBOHIMANARINA', '', 'DISPENSAIRE', 616, 143, 326, '1999-11-30', 1, 0, ''),
(5, '04', 'TANJOMBATO', 'ZONE INDUSTRIELLE FORELLO TANJOMBATO', '', 'DISPENSAIRE', 719, 52, 265, '0000-00-00', 1, 0, ''),
(6, '05', 'ANOSIBE', 'RN1 ANOSIBE', '202212540', 'DISPENSAIRE', 616, 162, 137, '1999-11-30', 1, 0, ''),
(7, '06', 'SEPIA', 'ROUTE DIGUE DE L\\\'IKOPA ANDRANOABO ANDOHATAPENAKA', '', 'ANTENNE', 616, 123, 265, '0000-00-00', 1, 0, ''),
(8, '07', 'MANDROSOA IVATO', 'MANDROSOA IVATO', '', 'DISPENSAIRE', 616, 621, 132, '0000-00-00', 1, 0, ''),
(9, '09', 'SOMACOU', 'ANKADIKELY ILAFY', '', 'ANTENNE', 616, 621, 326, '0000-00-00', 1, 0, ''),
(10, '10', 'PAPMAD', 'AMBOHIMANAMBOLA', '', 'ANTENNE', 619, 123, 265, '0000-00-00', 1, 0, ''),
(11, '11', 'ILAFY', 'LOT II A B 22 TER ANKADIKELY ILAFY', '', 'DISPENSAIRE', 616, 162, 265, '0000-00-00', 1, 0, ''),
(12, '12', 'OIM ANJEVA', 'ANJEVA', '', 'ANTENNE', 12, 0, 0, '0000-00-00', 1, 0, ''),
(13, '13', 'GRIFFY/INDIGO', 'LOT II N 9 F G AMBATOBE', '', 'ANTENNE', 13, 0, 0, '0000-00-00', 1, 0, ''),
(14, '14', 'PILATEX', 'ANTANETIBE IVATO', '', 'ANTENNE', 14, 0, 0, '0000-00-00', 1, 0, ''),
(15, '33', 'MADGABEST III', 'LOT AC 16 ANKADINDRAVOLA AMBOHIDRATRIMO', '', 'ANTENNE', 18, 0, 0, '0000-00-00', 1, 0, ''),
(16, '18', 'JUMBO SCORE', 'ROUTE DES HYDROCARBURES ANKORONDRANO', '', 'ANTENNE', 720, 143, 690, '0000-00-00', 1, 0, ''),
(17, '19', 'COSMOS KNIT', 'ZONE INDUSTRIELLE GALAXY ANDRAHARO', '', 'ANTENNE', 16, 0, 0, '2001-05-21', 1, 0, ''),
(18, '27', 'J.N.J', 'ZONE INDUSTRIELLE FORELLO TANJOMBATO', '', 'ANTENNE', 21, 0, 0, '2006-08-15', 1, 0, ''),
(19, '20', 'MADGABEST', 'LOT K4 089 AMBODIRANO IVATO', '', 'ANTENNE', 17, 0, 0, '2001-04-19', 1, 0, ''),
(20, '25', 'AQUARELLE MADAGASCAR', 'ZONE INDUSTRIELLE FORELLO TANJOMBATO', '', 'ANTENNE', 719, 162, 326, '0000-00-00', 1, 0, ''),
(21, '26', 'AKANJO', 'AMBATOMARO', '', 'ANTENNE', 721, 123, 326, '2005-05-18', 1, 0, ''),
(22, '29', 'MAHALAVOLONA', 'MIADAPAHONINA MAHALAVOLONA', '', 'DISPENSAIRE', 616, 621, 398, '0000-00-00', 1, 0, ''),
(23, '28', 'KAM-HING M/car', 'IVATO AEROPORT', '', 'ANTENNE', 22, 0, 0, '0000-00-00', 1, 0, ''),
(24, '30', 'JOUVE', 'ANOSIZATO', '', 'ANTENNE', 616, 162, 326, '2007-07-20', 1, 0, ''),
(25, '32', 'KWOK HING', 'ANDRANOMENA', '', 'ANTENNE', 25, 0, 0, '1999-11-30', 1, 0, ''),
(26, '31', 'EPSILON', 'AMBOHIDRATRIMO', '', 'ANTENNE', 616, 621, 137, '1999-11-30', 1, 0, ''),
(27, '34', 'ZONE ZITAL', 'ANKORONDRANO', '', 'ANTENNE', 26, 0, 0, '0000-00-00', 1, 0, ''),
(28, '17', 'NCSI', 'ANDRANOTAPAHINA AMBOHIDRATRIMO', '', 'ANTENNE', 27, 0, 0, '2008-04-27', 1, 0, ''),
(29, '36', 'COTESUD', 'ZONE GALAXY ANDRAHARO', '', 'ANTENNE', 57, 115, 509, '1999-11-30', 1, 0, ''),
(30, '37', 'ENDUMA', 'SAROPODY TANJOMBATO', '', 'ANTENNE', 616, 324, 690, '1999-11-30', 1, 0, ''),
(31, '38', 'INITIATIVES', 'ROUTE AMBOHIMANAMBOLA', '', 'ANTENNE', 616, 52, 277, '1999-11-30', 1, 0, ''),
(32, '16', 'TARA KNITTERS', 'Z I FILATEX ANKADIMBAHOAKA', '', 'ANTENNE', 57, 115, 509, '1999-11-30', 4, 0, ''),
(33, '39', 'VIVETIC MADCOM', 'ZONE GALAXY ANDRAHARO', '', 'ANTENNE', 616, 621, 326, '1999-11-30', 1, 0, ''),
(34, '40', 'LOGISTIQUE PETROLIERE', 'VILLAGE DES JEUX ANKORONDRANO', '', 'ANTENNE', 616, 142, 277, '1999-11-30', 1, 0, ''),
(35, '41', 'JB', 'AMBODITSIRY', '', 'ANTENNE', 57, 115, 509, '1999-11-30', 1, 0, ''),
(36, '15', 'CMT', 'AMBOHIMANGAKELY', '', 'ANTENNE', 57, 115, 509, '1999-11-30', 4, 0, ''),
(37, '21', 'MEE NGAI MADAGASCAR', 'ANDRAHARO', '', 'ANTENNE', 57, 115, 509, '1999-11-30', 4, 0, ''),
(38, '22', 'PLUMMY', 'ANKADINDRAVOLA IVATO', '', 'ANTENNE', 57, 115, 509, '1999-11-30', 4, 0, ''),
(39, '23', 'MADAGASCAR KNIT WORKS', 'ANDRANOTAPAHINA', '', 'ANTENNE', 57, 115, 509, '1999-11-30', 4, 0, ''),
(40, '24', 'WING TAI MADAGASCAR', 'ANDRAHARO GALAXY', '', 'ANTENNE', 57, 115, 509, '1999-11-30', 4, 0, ''),
(41, '35', 'MKLEN', 'ANOSIALA AMBOHIDRATRIMO', '', 'ANTENNE', 616, 621, 265, '1999-11-30', 1, 0, ''),
(42, '08', 'ASECNA', 'AEROPORT IVATO', '', 'ANTENNE', 0, 0, 0, '1999-11-30', 4, 0, ''),
(43, '42', 'SOFITRANS', 'IVATO AEROPORT', '', 'ANTENNE', 669, 143, 245, '1999-11-30', 1, 0, ''),
(44, '43', 'VIDZAR', 'ANOSIBE ANGARANGARANA', '', 'ANTENNE', 77, 193, 334, '0000-00-00', 1, 0, ''),
(45, '44', 'AYE AYE MADAGASCAR', 'PK8 ROUTE ANTSIRABE ANKADILALAMPOTSY', '', 'ANTENNE', 616, 162, 326, '0000-00-00', 1, 0, ''),
(46, '45', 'CARLTON', 'AMPEFILOHA', '', 'ANTENNE', 616, 162, 326, '2012-05-25', 1, 0, ''),
(47, '46', 'SASSEBO', 'ENCEINTE FILATEX', '', 'ANTENNE', 721, 52, 245, '2012-05-25', 1, 0, ''),
(48, '47', 'POINT PACOM', 'ANDRANOMENA', '', 'ANTENNE', 721, 123, 277, '0000-00-00', 1, 0, ''),
(49, '49', 'OSTIE 24', 'AMBOHIMANARINA', '0320302943', 'DISPENSAIRE', 720, 123, 245, '0000-00-00', 1, 0, ''),
(56, '999', 'DANS VOTRE LOCAL', NULL, NULL, NULL, 0, 0, 0, NULL, 1, 0, ''),
(57, NULL, 'TOUS', NULL, NULL, NULL, 0, 0, 0, NULL, 1, 0, ''),
(58, '48', 'SEPM', 'Ambatomaro', '', 'ANTENNE', 616, 621, 326, '2014-04-28', 1, 0, ''),
(59, '50', 'TELMA  ALAROBIA', 'ALAROBIA AMBONILOHA', '', 'ANTENNE', 719, 57, 265, '0000-00-00', 1, 0, ''),
(60, '51', 'SONIA MADA TEXTILES', 'zone filatex', '', 'ANTENNE', 719, 52, 137, '0000-00-00', 1, 0, ''),
(61, '52', 'LOI', 'SABOTSINAMEHANA', '', 'ANTENNE', 669, 57, 277, '0000-00-00', 1, 0, ''),
(62, '53', 'FIRST IMMO', 'GALAXY ANDRAHARO', '', 'ANTENNE', 669, 162, 137, '0000-00-00', 1, 0, ''),
(63, '55', 'TELMA ANALAKELY', 'ANALAKELY', '', 'ANTENNE', 720, 123, 265, '0000-00-00', 1, 0, ''),
(64, '56', 'ACTUAL TEXTILES', 'GALAXI', '', 'ANTENNE', 721, 110, 132, '2015-09-17', 1, 0, ''),
(65, '57', 'SOLANGHA', 'ANJANAHARY', '', 'ANTENNE', 727, 324, 300, '2015-09-17', 1, 0, ''),
(66, '54', 'ORANGE MADAGASCAR', 'AKORONDRANO', NULL, NULL, 0, 0, 0, NULL, 2, 0, ''),
(67, '58', 'OUTREMER TELECOM MADAGASCAR', 'FUTURA ANDRANOMENA', '', 'ANTENNE', 719, 52, 245, '2016-05-04', 1, 0, ''),
(68, '59', 'GAMA TEXTILE MADAGASCAR', 'Ankadimbahoaka', ' 020 22 217 04', 'ANTENNE', 0, 0, 0, NULL, 1, 0, ''),
(69, '60', 'EASYTECH MADAGASCAR', 'AMBATOROKA', '', 'ANTENNE', 721, 52, 300, '0000-00-00', 1, 0, ''),
(70, '61', 'WKM - WORLD KNITS MADA SA', 'ANDRANOMENA', '', 'ANTENNE', 616, 52, 137, '0000-00-00', 1, 0, ''),
(71, '62', 'CMT SARL (COMPAGNIE MALGACHE DE TEXTILE)', ' PK 9 RN2 ROUTE DE TOAMASINA', '261335088800', 'ANTENNE', 721, 143, 265, '0000-00-00', 1, 0, ''),
(72, '63', 'ATELIER DZAMA PRESTIGE', 'TANJOMBATO', NULL, 'ANTENNE', 110, 110, 110, '2017-02-09', 1, 0, ''),
(73, '64', 'OUTREMER TELECOM TANJOMBATO', 'TANJOMBATO', '', 'ANTENNE', 719, 52, 265, '2017-06-21', 1, 0, ''),
(74, '65', 'ME GARMENTS SARLU', 'MANDROSOA IVATO', '0324028278', 'ANTENNE', 718, 57, 245, '0000-00-00', 1, 0, ''),
(75, '66', 'OSTIE24 TANJOMBATO', 'ZONE FILATEX TANJOMBATO', '', 'DISP', 616, 67, 132, '2018-02-01', 1, 0, ''),
(76, '67', 'MARINE ET MOI', 'ZONE FILATEX ANKADIMBAHOAKA EX-ALPHA SALE', '', 'ANTENNE', 616, 162, 245, '0000-00-00', 1, 0, ''),
(77, '777', 'OSTIE 24 CMT', 'AMBOHIMANGAKELY', '', 'ANTENNE', 669, 57, 137, '0000-00-00', 1, 0, ''),
(78, '68', 'FUTURE TEXTILE MADA SARLU', 'ZONE FILATEX ANKADIMBAHOAKA BATIMENT F15 F16', '0320386001', 'ANTENNE', 719, 324, 277, '2018-06-01', 1, 0, ''),
(79, '69', 'OSTIE 24 JB', 'MANJAKARAY', '', 'ANTENNE', 616, 621, 690, '2018-07-03', 1, 0, ''),
(80, '70', 'AXELLE', 'LOT VP 08 TER LAZAINA ANOSY AVARATRA', '22 428 12 22 409 88', 'ANTENNE', 110, 110, 110, '2018-10-31', 1, 0, ''),
(82, '72', 'OSTIE 24 MKLEN', 'AMBOHIDRATRIMO', '', 'ANTENNE', 57, 115, 509, '0000-00-00', 1, 0, '');

-- --------------------------------------------------------

--
-- Table structure for table `fonction`
--

CREATE TABLE `fonction` (
  `fonction_id` int(11) UNSIGNED NOT NULL,
  `fonction_nom` varchar(160) DEFAULT NULL,
  `fonction_description` varchar(255) DEFAULT NULL
) ENGINE=MyISAM DEFAULT CHARSET=utf8;

--
-- Dumping data for table `fonction`
--

INSERT INTO `fonction` (`fonction_id`, `fonction_nom`, `fonction_description`) VALUES
(1, 'Chef de Sce Medecine du Travail', 'Description'),
(2, 'Agent Maintenance', 'Description'),
(3, 'Aide-dentiste', 'Description'),
(4, 'Aide-Magasinier', 'Description'),
(6, 'Aide-soignant(e)', 'Description'),
(7, 'Assistant du Controleur de Gestion', 'Description'),
(8, 'Assistant Qualite & Communication', 'Description'),
(9, 'Assistant(e) de Gestion du personnel', 'Description'),
(10, 'Assistante DAF', 'Description'),
(11, 'Assistante DAS', 'Description'),
(12, 'Assistante DG', 'Description'),
(13, 'Assistante DT', 'Description'),
(14, 'Assistante du controleur', 'Description'),
(15, 'Assistante Labo', 'Description'),
(16, 'Caissier', 'Description'),
(17, 'Chauffeur', 'Description'),
(18, 'Chauffeur Mecanicien', 'Description'),
(19, 'Chef de Bureau Administratif', 'Description'),
(20, 'Chef de Centre Pharmaceutique', 'Description'),
(21, 'Chef de Sce GRH ', 'Description'),
(22, 'Chef de Section Adherents', 'Description'),
(23, 'Chef de Section Cotisation', 'Description'),
(24, 'Chef de section fourniture administrative', 'Description'),
(25, 'Chef de Section Logistique', 'Description'),
(26, 'Chef de section Magasin', 'Description'),
(27, 'Chef de section Section Distribution', 'Description'),
(28, 'Chef de service ADH', 'Description'),
(29, 'Chef de service des Affaires General', 'Description'),
(30, 'Chef de service Finances et comptabilite', 'Description'),
(31, 'Chef de service Informatique', 'Description'),
(32, 'Chef de service juridique et contentieux', 'Description'),
(33, 'Chef de Service Qualite-Communication', 'Description'),
(34, 'Chef d\'equipe maintenance', 'Description'),
(35, 'Chirurgien Dentiste', 'Description'),
(36, 'Comptable', 'Description'),
(37, 'Concierge', 'Description'),
(38, 'Concierge Itinerant', 'Description'),
(39, 'Controleur de Gestion - Auditeur Interne', 'Description'),
(40, 'Directeur Administratif et Financier', 'Description'),
(41, 'Directeur des Approvisionnements et Stocks', 'Description'),
(42, 'Directeur General', 'Description'),
(43, 'Directeur Technique', 'Description'),
(44, 'Distributeur Medicaments', 'Description'),
(45, 'Employe de bureau ADH', 'Description'),
(46, 'Employe de bureau SFC', 'Description'),
(47, 'Employe de bureau SJC', 'Description'),
(48, 'Employee de Bureau ADH', 'Description'),
(49, 'Employee de Bureau SAG', 'Description'),
(50, 'Employee de Bureau Sce Qualite-Communication', 'Description'),
(51, 'Fichiste', 'Description'),
(52, 'Fille de salle', 'Description'),
(53, 'Garcon de salle', 'Description'),
(54, 'Gardien de nuit', 'Description'),
(55, 'Hotesse', 'Description'),
(56, 'Infirmier(e)', 'Description'),
(57, 'Infirmier d\'entreprise', 'Description'),
(58, 'Infirmier d\'Etat', 'Description'),
(59, 'Infirmier Labo', 'Description'),
(60, 'Infirmier Major', 'Description'),
(61, 'Infirmier Manipulateur Radio', 'Description'),
(62, 'Infirmier Militaire Cat. 1', 'Description'),
(64, 'Infirmiere d\'entreprise', 'Description'),
(65, 'Infirmiere d\'Etat', 'Description'),
(66, 'Infirmiere labo', 'Description'),
(67, 'Infirmiere major', 'Description'),
(68, 'Infirmiere Manipulateur Radio', 'Description'),
(69, 'Infirmiere-Major (sage femme polyvalente)', 'Description'),
(70, 'Jardinier', 'Description'),
(71, 'Laborantin', 'Description'),
(72, 'Laborantine', 'Description'),
(73, 'Laveuse', 'Description'),
(74, 'Magasinier', 'Description'),
(75, 'Manipulateur Radio', 'Description'),
(76, 'Manutentionnaire Magasin', 'Description'),
(77, 'Medecin Chef', 'Description'),
(78, 'Medecin Echo', 'Description'),
(79, 'Medecin Gyneco', 'Description'),
(80, 'Medecin Neurologue', 'Description'),
(81, 'Medecin Ophtalmo', 'Description'),
(82, 'Medecin Responsable Antennne', 'Description'),
(83, 'Medecin Responsable Labo', 'Description'),
(84, 'Medecin Visiteur', 'Description'),
(85, 'Medecin Traitant', 'Description'),
(86, 'Planton', 'Description'),
(87, 'Portier', 'Description'),
(88, 'Resp. Program. et Maint. du Siege', 'Description'),
(89, 'Resp. Statistiques et Gestion base de donnees', 'Description'),
(90, 'Responsable Achats Imports', 'Description'),
(91, 'Responsable achats locaux', 'Description'),
(92, 'Responsable AT p.i', 'Description'),
(94, 'Responsable Laboratoire', 'Description'),
(95, 'Responsable pharmacie', 'Description'),
(96, 'Responsable statistique', 'Description'),
(97, 'Sage-femme', 'Description'),
(98, 'Sage-femme polyvalente', 'Description'),
(99, 'Secretaire CBA', 'Description'),
(100, 'Secretaire DAS', 'Description'),
(101, 'Secretaire Sce Medecine du Travail', 'Description'),
(102, 'SEGAP', 'Description'),
(103, 'Standardiste', 'Description'),
(105, 'Technicien de Maintenance Informatique', 'Description'),
(106, 'Teneur de Fiches de Medicaments ', 'Description'),
(107, 'TFM a la Pcie de Reserve    ', 'Description'),
(108, 'MEDECIN CARDIOLOGUE ', '');

-- --------------------------------------------------------

--
-- Table structure for table `personnel`
--

CREATE TABLE `personnel` (
  `persnl_id` int(10) UNSIGNED NOT NULL,
  `persnl_centreServiceId` varchar(10) NOT NULL DEFAULT '0' COMMENT 'le service d''affectation',
  `persnl_matricule` varchar(50) DEFAULT NULL,
  `persnl_codeOnm` varchar(50) NOT NULL DEFAULT '""' COMMENT 'code selon l''ordre des médecins (ONM)',
  `persnl_nom` varchar(160) DEFAULT NULL,
  `persnl_prenom` varchar(160) DEFAULT NULL,
  `prsnl_sexe` varchar(60) NOT NULL,
  `persnl_fonctionId` int(10) UNSIGNED DEFAULT NULL,
  `prsnlcp_id` int(11) NOT NULL,
  `persnl_tel` varchar(160) DEFAULT NULL,
  `persnl_email` varchar(160) DEFAULT NULL,
  `persnl_adresse` varchar(255) DEFAULT NULL,
  `persnl_embaucheDate` date DEFAULT NULL,
  `persnl_presence` tinyint(2) NOT NULL,
  `persnl_presenceDate` date NOT NULL,
  `persnl_login` varchar(50) DEFAULT NULL,
  `persnl_password` varchar(50) DEFAULT NULL,
  `persnl_passwordDateDeb` date NOT NULL,
  `persnl_passwordDateFin` date NOT NULL,
  `persnl_passwordObs` varchar(250) NOT NULL,
  `persnl_etatId` varchar(50) NOT NULL,
  `persnl_pharmacieCompId` int(11) NOT NULL DEFAULT '23',
  `persnl_porte` tinyint(4) NOT NULL,
  `persnl_imptype` tinyint(4) NOT NULL,
  `persnl_ipId` tinyint(4) NOT NULL DEFAULT '0',
  `persnl_ipAdress` varchar(50) NOT NULL,
  `persnl_centreId` tinyint(4) NOT NULL,
  `persnl_serviceId` tinyint(4) NOT NULL
) ENGINE=MyISAM DEFAULT CHARSET=utf8;

--
-- Dumping data for table `personnel`
--

INSERT INTO `personnel` (`persnl_id`, `persnl_centreServiceId`, `persnl_matricule`, `persnl_codeOnm`, `persnl_nom`, `persnl_prenom`, `prsnl_sexe`, `persnl_fonctionId`, `prsnlcp_id`, `persnl_tel`, `persnl_email`, `persnl_adresse`, `persnl_embaucheDate`, `persnl_presence`, `persnl_presenceDate`, `persnl_login`, `persnl_password`, `persnl_passwordDateDeb`, `persnl_passwordDateFin`, `persnl_passwordObs`, `persnl_etatId`, `persnl_pharmacieCompId`, `persnl_porte`, `persnl_imptype`, `persnl_ipId`, `persnl_ipAdress`, `persnl_centreId`, `persnl_serviceId`) VALUES
(1, '82_44', '1150', '', 'RAKOTONDRABE', 'ANDRIANIAINA', 'M', 51, 2, '0', 'email@ostie.mg', 'adresse														', '2022-04-12', 1, '2023-05-20', 'naina info', '1234567mklen', '2023-05-20', '2023-05-23', 'UTILISATEUR', '1', 34, 0, 0, 0, '', 0, 0),
(2, '2_11', '156', '', 'RANDRIAMANGA ', 'LUCIEN', 'M', 75, 5, '0', 'lucien.radio.bhk@ostie.org', 'adresse', '2009-10-02', 1, '0000-00-00', 'lucien.radio.bhk', '1234567mklen', '0000-00-00', '0000-00-00', '', '1', 23, 0, 0, 0, '', 0, 0),
(3, '0', '165', '', 'RANDRIANARISOA ', 'EDMOND', 'M', 26, 1, '0', 'email', 'adresse', '0000-00-00', 0, '0000-00-00', NULL, '1234567mklen', '0000-00-00', '0000-00-00', '', '1', 23, 0, 0, 0, '', 0, 0),
(4, '6_24', '168', '', 'RANARISOA ', 'PIERRETTE', 'F', 51, 2, '0', 'email@ostie.org', 'adresse', '0000-00-00', 1, '0000-00-00', 'ACCUEIL', '1234567mklen', '0000-00-00', '0000-00-00', '', '1', 23, 0, 0, 0, '', 0, 0),
(5, '0', '187', '', 'RASOANIRIANA ', 'LYDIE', 'F', 51, 2, '0', 'email', 'adresse', '0000-00-00', 0, '0000-00-00', NULL, '1234567mklen', '0000-00-00', '0000-00-00', '', '1', 23, 0, 0, 0, '', 0, 0),
(6, '2_11', '190', '', 'RATIARISON ', 'SAHOLY H.', 'M', 62, 5, '0', 'saholy.radio.bhk@ostie.org', 'adresse', '2009-07-08', 1, '0000-00-00', 'saholy.radio.bhk', '1234567mklen', '0000-00-00', '0000-00-00', '', '1', 23, 0, 0, 0, '', 0, 0),
(7, '0', '191', '', 'RAZAFINIARIVO ', 'J', 'M', 62, 5, '0', 'email', 'adresse', '0000-00-00', 0, '0000-00-00', NULL, '1234567mklen', '0000-00-00', '0000-00-00', '', '1', 23, 0, 0, 0, '', 0, 0),
(8, '0', '202', '', 'ANDRIAMANOHISOA', 'FARAHANTA M.', 'F', 12, 1, '0', 'email', 'adresse', '0000-00-00', 0, '0000-00-00', NULL, '1234567mklen', '0000-00-00', '0000-00-00', '', '1', 23, 0, 0, 0, '', 0, 0),
(9, '0', '214', '', 'RAJOHNSON', '', 'M', 57, 5, '0', 'email', 'adresse', '0000-00-00', 0, '0000-00-00', NULL, '1234567mklen', '0000-00-00', '0000-00-00', '', '1', 23, 0, 0, 0, '', 0, 0),
(10, '0', '223', '', 'RALAY Andriamampianina ', 'P.', 'M', 51, 2, '0', 'email', 'adresse', '0000-00-00', 0, '0000-00-00', NULL, '1234567mklen', '0000-00-00', '0000-00-00', '', '1', 23, 0, 0, 0, '', 0, 0),
(11, '0', '228', '', 'RAKOTOARIVONY ', 'RAVELONJAN.', 'F', 106, 2, '0', 'email', 'adresse', '0000-00-00', 0, '0000-00-00', NULL, '1234567mklen', '0000-00-00', '0000-00-00', '', '1', 23, 0, 0, 0, '', 0, 0),
(12, '0', '251', '', 'RANDRIANARISAINA ', 'SAMUEL', 'M', 57, 5, '0', 'email', 'adresse', '0000-00-00', 0, '0000-00-00', NULL, '1234567mklen', '0000-00-00', '0000-00-00', '', '1', 23, 0, 0, 0, '', 0, 0),
(13, '0', '256', '', 'RANDRIANASOLO ', 'WILLIAM', 'M', 17, 2, '0', 'email', 'adresse', '0000-00-00', 0, '0000-00-00', NULL, '1234567mklen', '0000-00-00', '0000-00-00', '', '1', 23, 0, 0, 0, '', 0, 0),
(14, '2_11', '267', '', 'JAONY', ' ', 'M', 75, 5, '0', 'jaony.radio.bhk@ostie.org', 'adresse', '2009-07-28', 1, '0000-00-00', 'jaony.radio.bhk', '1234567mklen', '0000-00-00', '0000-00-00', '', '1', 23, 0, 0, 0, '', 0, 0),
(15, '2_24', '279', '', 'RASOANAIVO ', 'PAUL', 'M', 51, 2, '0', 'paul.acc.bhk@ostie.org', 'adresse', '2009-09-28', 1, '0000-00-00', 'paul.acc.bhk', '1234567mklen', '0000-00-00', '0000-00-00', '', '1', 23, 0, 0, 0, '', 0, 0),
(16, '0', '284', '', 'RAZAFIMANDIMBY ', 'FRAN', 'M', 53, 2, '0', 'email', 'adresse', '0000-00-00', 0, '0000-00-00', NULL, '1234567mklen', '0000-00-00', '0000-00-00', '', '1', 23, 0, 0, 0, '', 0, 0),
(17, '0', '293', '', 'RASOLOMANANA ', 'HONORINE', 'F', 95, 2, '0', 'email', 'adresse', '0000-00-00', 0, '0000-00-00', NULL, '1234567mklen', '0000-00-00', '0000-00-00', '', '1', 23, 0, 0, 0, '', 0, 0),
(18, '0', '294', '', 'RAKOTONDRAVAO ', 'JEAN DE DIEU', 'M', 53, 2, '0', 'email', 'adresse', '0000-00-00', 0, '0000-00-00', NULL, '1234567mklen', '0000-00-00', '0000-00-00', '', '1', 23, 0, 0, 0, '', 0, 0),
(19, '0', '302', '', 'NANORISORY ', 'CHRISTIANE', 'F', 73, 2, '0', 'email', 'adresse', '0000-00-00', 0, '0000-00-00', NULL, '1234567mklen', '0000-00-00', '0000-00-00', '', '1', 23, 0, 0, 0, '', 0, 0),
(20, '2_37', '340', '', 'RAMANANTSOA', ' MICHELE', 'F', 64, 5, '2226578', 'michele.soin.bhk@ostie.org', 'adresse														', '2009-09-28', 1, '0000-00-00', 'michele.hot.bhk', '1234567mklen', '0000-00-00', '0000-00-00', '', '1', 34, 0, 0, 0, '', 0, 0),
(21, '6_13', '352', '', 'RATSIRY ', 'VALENTIN', 'M', 37, 2, '0', 'email', 'adresse', '0000-00-00', 1, '0000-00-00', 'MEDGEN', '1234567mklen', '0000-00-00', '0000-00-00', '', '1', 23, 0, 0, 0, '', 0, 0),
(22, '0', '357', '', 'RANDRIAMANANTSOA ', '', 'M', 53, 2, '0', 'email', 'adresse', '0000-00-00', 0, '0000-00-00', NULL, '1234567mklen', '0000-00-00', '0000-00-00', '', '1', 23, 0, 0, 0, '', 0, 0),
(23, '0', '369', '', 'RAKOTOARISOA ', 'PAUL', 'M', 54, 2, '0', 'email', 'adresse', '0000-00-00', 0, '0000-00-00', NULL, '1234567mklen', '0000-00-00', '0000-00-00', '', '1', 23, 0, 0, 0, '', 0, 0),
(24, '0', '371', '', 'RAKOTONIRINA ', 'ETIENNE G.', 'M', 86, 2, '0', 'email', 'adresse', '0000-00-00', 0, '0000-00-00', NULL, '1234567mklen', '0000-00-00', '0000-00-00', '', '1', 23, 0, 0, 0, '', 0, 0),
(25, '0', '372', '', 'RAKOTONDRAZAKA', ' JAONA', 'M', 3, 2, '0', 'email', 'adresse', '0000-00-00', 0, '0000-00-00', NULL, '1234567mklen', '0000-00-00', '0000-00-00', '', '1', 23, 0, 0, 0, '', 0, 0),
(26, '0', '375', '', 'RAJIMISON ', 'ANTOINETTE', 'F', 51, 2, '0', 'email', 'adresse', '0000-00-00', 0, '0000-00-00', NULL, '1234567mklen', '0000-00-00', '0000-00-00', '', '1', 23, 0, 0, 0, '', 0, 0),
(27, '0', '379', '', 'RANDRIANJAFY ', 'EDMOND', 'M', 70, 2, '0', 'email', 'adresse', '0000-00-00', 0, '0000-00-00', NULL, '1234567mklen', '0000-00-00', '0000-00-00', '', '1', 23, 0, 0, 0, '', 0, 0),
(28, '0', '382', '', 'RASOLONJATOVO ', 'J. DE DIEU', 'M', 86, 2, '0', 'email', 'adresse', '0000-00-00', 0, '0000-00-00', NULL, '1234567mklen', '0000-00-00', '0000-00-00', '', '1', 23, 0, 0, 0, '', 0, 0),
(29, '0', '384', '', 'RAKOTONIAINA ', 'FID', 'M', 2, 2, '0', 'email', 'adresse', '0000-00-00', 0, '0000-00-00', NULL, '1234567mklen', '0000-00-00', '0000-00-00', '', '1', 23, 0, 0, 0, '', 0, 0),
(30, '2_4', '388', '', 'RAMBOA ', 'JOSEE ELIANE', 'F', 51, 2, '0', 'eliane.acc.bhk@ostie.org', 'adresse', '2009-09-28', 1, '2013-10-18', 'eliane.vs', '1234567mklen', '0000-00-00', '0000-00-00', '', '1', 23, 0, 0, 0, '', 0, 0),
(31, '0', '389', '', 'RAZANADRAMAVO ', 'EMILIENNE', 'F', 51, 2, '0', 'email', 'adresse', '0000-00-00', 0, '0000-00-00', NULL, '1234567mklen', '0000-00-00', '0000-00-00', '', '1', 23, 0, 0, 0, '', 0, 0),
(32, '0', '398', '', 'RAJARISON R. ', 'NO', 'F', 3, 2, '0', 'email', 'adresse', '0000-00-00', 0, '0000-00-00', NULL, '1234567mklen', '0000-00-00', '0000-00-00', '', '1', 23, 0, 0, 0, '', 0, 0),
(33, '0', '403', '', 'RAKOTOANOSY ', 'FALIMANANTSOA', 'M', 43, 3, '0', 'email', 'adresse', '0000-00-00', 0, '0000-00-00', NULL, '1234567mklen', '0000-00-00', '0000-00-00', '', '1', 23, 0, 0, 0, '', 0, 0),
(34, '0', '404', '', 'SOREIA ', 'KATOOM MAMOD. M.', 'F', 51, 2, '0', 'email', 'adresse', '0000-00-00', 0, '0000-00-00', NULL, '1234567mklen', '0000-00-00', '0000-00-00', '', '1', 23, 0, 0, 0, '', 0, 0),
(35, '0', '411', '', 'RAKOTOMANANA ', 'JEAN B', 'M', 106, 2, '0', 'email', 'adresse', '0000-00-00', 0, '0000-00-00', NULL, '1234567mklen', '0000-00-00', '0000-00-00', '', '1', 23, 0, 0, 0, '', 0, 0),
(36, '0', '413', '', 'RANDRIAMBOAVONJY ', 'JOSEPH', 'M', 54, 2, '0', 'email', 'adresse', '0000-00-00', 0, '0000-00-00', NULL, '1234567mklen', '0000-00-00', '0000-00-00', '', '1', 23, 0, 0, 0, '', 0, 0),
(37, '0', '414', '', 'RANDRIAMAMONJY', ' R. ROGER', 'M', 54, 2, '0', 'email', 'adresse', '0000-00-00', 0, '0000-00-00', NULL, '1234567mklen', '0000-00-00', '0000-00-00', '', '1', 23, 0, 0, 0, '', 0, 0),
(38, '0', '417', '', 'RAMAMONJISOA ', 'JEAN DANIEL', 'M', 5, 2, '0', 'email', 'adresse', '0000-00-00', 0, '0000-00-00', NULL, '1234567mklen', '0000-00-00', '0000-00-00', '', '1', 23, 0, 0, 0, '', 0, 0),
(39, '0', '418', '', 'ZAFIMAHOVA ', 'B', 'F', 51, 2, '0', 'email', 'adresse', '0000-00-00', 0, '0000-00-00', NULL, '1234567mklen', '0000-00-00', '0000-00-00', '', '1', 23, 0, 0, 0, '', 0, 0),
(40, '0', '420', '', 'RAKOTOSON ', 'VIOLETTE', 'F', 99, 1, '0', 'email', 'adresse', '0000-00-00', 0, '0000-00-00', NULL, '1234567mklen', '0000-00-00', '0000-00-00', '', '1', 23, 0, 0, 0, '', 0, 0),
(41, '0', '423', '', 'DELOCHE ', 'JOSEPH', 'M', 51, 2, '0', 'email', 'adresse', '0000-00-00', 0, '0000-00-00', NULL, '1234567mklen', '0000-00-00', '0000-00-00', '', '1', 23, 0, 0, 0, '', 0, 0),
(42, '0', '424', '', 'ANDRIAMANANTENA ', 'SOLONIAINA', 'M', 53, 2, '0', 'email', 'adresse', '0000-00-00', 0, '0000-00-00', NULL, '1234567mklen', '0000-00-00', '0000-00-00', '', '1', 23, 0, 0, 0, '', 0, 0),
(43, '0', '425', '', 'RASAMOELINA ', 'JEAN DE DIEU', 'M', 2, 2, '0', 'email', 'adresse', '0000-00-00', 0, '0000-00-00', NULL, '1234567mklen', '0000-00-00', '0000-00-00', '', '1', 23, 0, 0, 0, '', 0, 0),
(44, '2_13', '429', '', 'RAMIANDRISOA ', 'BODOVOLOLONA', 'F', 77, 4, '0', 'email@mail.com', 'adresse																																										', '0000-00-00', 0, '0000-00-00', 'bodo.mc.bhk', '1234567mklen', '0000-00-00', '0000-00-00', '', '1', 34, 0, 0, 0, '', 0, 0),
(45, '2_13', '431', '', 'RAFARAMANANA ', 'ODILE V', 'F', 77, 4, '0', 'mai@ostie.org', 'adresse																												', '0000-00-00', 1, '0000-00-00', 'odile.mg.bhk', '1234567mklen', '0000-00-00', '0000-00-00', '', '1', 34, 0, 0, 0, '', 0, 0),
(46, '0', '433', '', 'RAHELIARISOA', ' M. AGN', 'F', 73, 2, '0', 'email', 'adresse', '0000-00-00', 0, '0000-00-00', NULL, '1234567mklen', '0000-00-00', '0000-00-00', '', '1', 23, 0, 0, 0, '', 0, 0),
(47, '0', '436', '', 'RASOLOFONARIVO ', 'ELOI', 'M', 77, 4, '0', 'email', 'adresse', '0000-00-00', 0, '0000-00-00', NULL, '1234567mklen', '0000-00-00', '0000-00-00', '', '1', 23, 0, 0, 0, '', 0, 0),
(48, '0', '440', '', 'RABE ', 'HAJA', 'F', 67, 5, '0', 'email', 'adresse', '0000-00-00', 0, '0000-00-00', NULL, '1234567mklen', '0000-00-00', '0000-00-00', '', '1', 23, 0, 0, 0, '', 0, 0),
(49, '0', '441', '', 'RAFALIMANANA ', 'AUGUSTIN', 'M', 59, 5, '0', 'email', 'adresse', '0000-00-00', 0, '0000-00-00', NULL, '1234567mklen', '0000-00-00', '0000-00-00', '', '1', 23, 0, 0, 0, '', 0, 0),
(50, '0', '442', '', 'RABARSON ', 'JEAN FID', 'M', 54, 2, '0', 'email', 'adresse', '0000-00-00', 0, '0000-00-00', NULL, '1234567mklen', '0000-00-00', '0000-00-00', '', '1', 23, 0, 0, 0, '', 0, 0),
(51, '0', '443', '', 'RANDRIANASOLO ', 'JOS', 'M', 34, 2, '0', 'email', 'adresse', '0000-00-00', 0, '0000-00-00', NULL, '1234567mklen', '0000-00-00', '0000-00-00', '', '1', 23, 0, 0, 0, '', 0, 0),
(52, '2_4', '444', '', 'RAHASINOROSOANJANAHARY ', '', 'F', 51, 2, '0', 'email', 'adresse', '0000-00-00', 1, '2013-10-17', 'chris.vs', '1234567mklen', '0000-00-00', '0000-00-00', '', '1', 23, 0, 0, 0, '', 0, 0),
(53, '0', '457', '', 'RAVAOARISOA ', 'VOLOLONA', 'F', 52, 2, '0', 'email', 'adresse', '0000-00-00', 0, '0000-00-00', NULL, '1234567mklen', '0000-00-00', '0000-00-00', '', '1', 23, 0, 0, 0, '', 0, 0),
(54, '0', '459', '', 'RALAMBO ', 'FRAN', 'M', 60, 5, '0', 'email', 'adresse', '0000-00-00', 0, '0000-00-00', NULL, '1234567mklen', '0000-00-00', '0000-00-00', '', '1', 23, 0, 0, 0, '', 0, 0),
(55, '0', '461', '', 'RABARY ', 'HARIMBOAHANGY H.', 'F', 74, 2, '0', 'email', 'adresse', '0000-00-00', 0, '0000-00-00', NULL, '1234567mklen', '0000-00-00', '0000-00-00', '', '1', 23, 0, 0, 0, '', 0, 0),
(56, '41_30', '462', '', 'RAKOTOARISOA ', 'JEAN', 'M', 35, 4, '0', 'jean.stomato.bhk@ostie.org', 'ADRESSE														', '2009-06-30', 1, '2018-03-30', 'jean', '1234567mklen', '2018-03-30', '2018-05-29', 'UTILISATEUR', '1', 34, 2, 0, 0, '', 0, 0),
(57, '2_13', '463', '', 'JOHANESA', ' NAIVOSON ABEL', 'M', 77, 4, '0', 'johanesa@ostie.org', 'adresse																																																																																																																																																																																																																																																								', '2009-06-23', 1, '0000-00-00', 'johanesa.mg.bhk', '1234567mklen', '0000-00-00', '0000-00-00', '', '1', 34, 110, 0, 0, '', 0, 0),
(58, '0', '464', '', 'RABARISON ', 'RICHARD MICHEL', 'M', 4, 2, '0', 'email', 'adresse', '0000-00-00', 0, '0000-00-00', NULL, '1234567mklen', '0000-00-00', '0000-00-00', '', '1', 23, 0, 0, 0, '', 0, 0),
(59, '41_30', '469', '', 'RAINISOANGITA ', 'PATRICE', 'M', 35, 4, '0', 'email@ostie.mg', 'ADRESSE																																																																																																																																																																																																																																							', '0000-00-00', 1, '2018-02-07', 'patrice', '1234567mklen', '2018-02-07', '2018-02-27', 'UTILISATEUR', '1', 34, 0, 0, 0, '', 0, 0),
(60, '2_13', '470', '', 'NDRINA', 'RASOLOFOMANANA P.', 'M', 77, 36, '0', 'ndrina@ndrina.com', 'adresse																																										', '1979-07-12', 0, '0000-00-00', 'ndrina.mg.bhk', '1234567mklen', '0000-00-00', '0000-00-00', '', '1', 36, 0, 0, 0, '', 0, 0),
(61, '2_13', '473', '', 'RAKOTOHARISOA ', 'BODOSOA', 'F', 77, 4, '0', 'bodo@ostie.org', 'ADRESSE																																																								', '0000-00-00', 0, '0000-00-00', 'bodo.mc.bhk', '1234567mklen', '0000-00-00', '0000-00-00', '', '1', 34, 0, 0, 0, '', 0, 0),
(62, '41_27', '1250', '', 'HERINAVALONA', 'RINAH', 'F', 98, 2, '0', 'email', 'adresse', '0000-00-00', 1, '2015-12-11', 'rinah', '1234567mklen', '2015-12-10', '2016-02-29', 'UTILISATEUR', '1', 23, 0, 0, 0, '', 0, 0),
(63, '0', '475', '', 'LALAO HARIVELO ', 'JULIENNE', 'F', 27, 1, '0', 'email', 'adresse', '0000-00-00', 0, '0000-00-00', NULL, '1234567mklen', '0000-00-00', '0000-00-00', '', '1', 23, 0, 0, 0, '', 0, 0),
(64, '0', '477', '', 'RABARISON ', 'ANDRIANAIVO', 'M', 45, 1, '0', 'email', 'adresse', '0000-00-00', 0, '0000-00-00', NULL, '1234567mklen', '0000-00-00', '0000-00-00', '', '1', 23, 0, 0, 0, '', 0, 0),
(65, '0', '485', '', 'RANAIVOZAFY ', 'NDRIANA', 'M', 3, 2, '0', 'email', 'adresse', '0000-00-00', 0, '0000-00-00', 'NDRIANA.STOMATO.BHK', '1234567mklen', '0000-00-00', '0000-00-00', '', '1', 23, 0, 0, 0, '', 0, 0),
(66, '2_4', '497', '', 'RAKOTOMIHAMINA ', 'FARAMALALA', 'F', 85, 4, '0', 'fara.mg.bhk@ostie.org', 'adresse														', '2009-09-28', 1, '2013-08-17', 'fara.mg.bhk', '1234567mklen', '0000-00-00', '0000-00-00', '', '1', 23, 0, 0, 0, '', 0, 0),
(67, '0', '500', '', 'RAHARIMANGAMANANA ', 'HAJA', 'F', 67, 5, '0', 'email', 'adresse', '0000-00-00', 0, '0000-00-00', NULL, '1234567mklen', '0000-00-00', '0000-00-00', '', '1', 23, 0, 0, 0, '', 0, 0),
(68, '2_11', '507', '', 'RANDRIANARINELINA ', 'JEAN R.', 'M', 61, 5, '0', 'jean.radio.bhk@ostie.org', 'adresse', '2009-07-22', 1, '0000-00-00', 'raymond.radio.bhk', '1234567mklen', '0000-00-00', '0000-00-00', '', '1', 23, 0, 0, 0, '', 0, 0),
(69, '0', '512', '', 'FANJANIAINA ', 'ELISA', 'F', 11, 1, '0', 'email', 'adresse', '0000-00-00', 0, '0000-00-00', NULL, '1234567mklen', '0000-00-00', '0000-00-00', '', '1', 23, 0, 0, 0, '', 0, 0),
(70, '0', '513', '', 'RAHELIARIMANANA ', 'SIMONE', 'F', 67, 5, '0', 'email', 'adresse', '0000-00-00', 0, '0000-00-00', NULL, '1234567mklen', '0000-00-00', '0000-00-00', '', '1', 23, 0, 0, 0, '', 0, 0),
(71, '0', '515', '', 'ANDRIANIRINA ', 'JEAN CHARLES', 'M', 37, 2, '0', 'email', 'adresse', '0000-00-00', 0, '0000-00-00', NULL, '1234567mklen', '0000-00-00', '0000-00-00', '', '1', 23, 0, 0, 0, '', 0, 0),
(72, '0', '516', '', 'RAVELOSON ', 'V. HUGUETTE', 'F', 97, 5, '0', 'email', 'adresse', '0000-00-00', 0, '0000-00-00', NULL, '1234567mklen', '0000-00-00', '0000-00-00', '', '1', 23, 0, 0, 0, '', 0, 0),
(73, '2_24', '517', '', 'RASAMISON ', 'RONDRONIRINA', 'F', 65, 5, '0', 'rondro.soin.bhk@ostie.org', 'adresse																					', '2009-07-08', 1, '0000-00-00', 'rondro.soin.bhk', '1234567mklen', '0000-00-00', '0000-00-00', '', '1', 23, 0, 0, 0, '', 0, 0),
(74, '0', '519', '', 'RAHANTAVOLOLONIRINA ', 'H', 'F', 67, 5, '0', 'email', 'adresse', '0000-00-00', 0, '0000-00-00', NULL, '1234567mklen', '0000-00-00', '0000-00-00', '', '1', 23, 0, 0, 0, '', 0, 0),
(75, '2_14', '520', '', 'RAKOTOMALALA ', 'BENJAMIN', 'M', 60, 5, '431', 'benjamin.major.bhk@ostie.org', 'adresse							', '2009-06-29', 1, '0000-00-00', 'benja.major.bhk', '1234567mklen', '0000-00-00', '0000-00-00', '', '1', 36, 0, 0, 0, '', 0, 0),
(76, '2_13', '521', '', 'RATAVILAHY A. ', 'ROLAND', 'M', 77, 4, '0', 'rtv@ostie.mg', 'adresse																																			', '0000-00-00', 1, '0000-00-00', 'mc.mg.bhk', '1234567mklen', '0000-00-00', '0000-00-00', '', '1', 34, 0, 0, 0, '', 0, 0),
(77, '2_13', '525', '', 'RABARIJOELINA ', 'FLORENT CLAUDE', 'M', 77, 4, '0', 'email@mil.com', 'adresse																																			', '0000-00-00', 0, '0000-00-00', 'florent.bhk', '1234567mklen', '0000-00-00', '0000-00-00', '', '1', 34, 0, 0, 0, '', 0, 0),
(78, '0', '527', '', 'RAHARILALA ', 'HULHA M.', 'F', 106, 2, '0', 'email', 'adresse', '0000-00-00', 0, '0000-00-00', NULL, '1234567mklen', '0000-00-00', '0000-00-00', '', '1', 23, 0, 0, 0, '', 0, 0),
(79, '0', '530', '', 'RAHAJASON ', 'RAYMOND', 'M', 21, 1, '0', 'email', 'adresse', '0000-00-00', 0, '0000-00-00', NULL, '1234567mklen', '0000-00-00', '0000-00-00', '', '1', 23, 0, 0, 0, '', 0, 0),
(80, '0', '531', '', 'ANDRIAMAMPANDRY ', 'SOLOFO HARDY', 'M', 85, 4, '0', 'email', 'adresse', '0000-00-00', 0, '0000-00-00', NULL, '1234567mklen', '0000-00-00', '0000-00-00', '', '1', 23, 0, 0, 0, '', 0, 0),
(81, '2_11', '535', '', 'RANDRIANANDRASANA ', 'MARTIAL', 'M', 61, 5, '0', 'martial.radio.bhk@ostie.org', 'adresse', '2009-07-22', 1, '2013-07-01', 'martial.radio.bhk', '1234567mklen', '0000-00-00', '0000-00-00', '', '1', 23, 0, 0, 0, '', 0, 0),
(82, '0', '537', '', 'RANDRIANASOLO ', 'DANIEL', 'M', 86, 2, '0', 'email', 'adresse', '0000-00-00', 0, '0000-00-00', NULL, '1234567mklen', '0000-00-00', '0000-00-00', '', '1', 23, 0, 0, 0, '', 0, 0),
(83, '0', '541', '', 'RAZAFINDRAMAKA ', 'LOVA', 'F', 3, 2, '0', 'email', 'adresse', '0000-00-00', 0, '0000-00-00', NULL, '1234567mklen', '0000-00-00', '0000-00-00', '', '1', 23, 0, 0, 0, '', 0, 0),
(84, '2_35', '542', '', 'RAZAFINJOELINA ', 'ALPHONSINE', 'F', 44, 2, '433', 'alphonsine.ddm.bhk@ostie.org', 'ADRESSE														', '2009-09-29', 1, '0000-00-00', 'alphonsine.ddm.bhk', '1234567mklen', '0000-00-00', '0000-00-00', '', '1', 35, 0, 0, 0, '', 0, 0),
(85, '0', '547', '', 'RAFANOMEZANTSOA ', 'ANSELME', 'M', 3, 2, '0', 'email', 'adresse', '0000-00-00', 0, '0000-00-00', NULL, '1234567mklen', '0000-00-00', '0000-00-00', '', '1', 23, 0, 0, 0, '', 0, 0),
(86, '2_13', '548', '', 'RAKOTOMALALA ', 'VOAHANGY', 'F', 82, 4, '0', 'voahangy@ostie.mg', 'adresse																												', '0000-00-00', 0, '0000-00-00', 'voahangy.mg.bhk', '1234567mklen', '0000-00-00', '0000-00-00', '', '1', 35, 0, 0, 0, '', 0, 0),
(87, '0', '549', '', 'RALAHY ', 'JEAN BAPTISTE', 'M', 85, 4, '0', 'email', 'adresse', '0000-00-00', 0, '0000-00-00', NULL, '1234567mklen', '0000-00-00', '0000-00-00', '', '1', 23, 0, 0, 0, '', 0, 0),
(88, '0', '551', '', 'RAVONJIARINORO', '', 'M', 44, 2, '0', 'email', 'adresse', '0000-00-00', 0, '0000-00-00', NULL, '1234567mklen', '0000-00-00', '0000-00-00', '', '1', 23, 0, 0, 0, '', 0, 0),
(89, '2_8', '552', '', 'RAZAFINDRAKOTO ', 'MIHAMISOA', 'F', 81, 4, '0', 'email@ostie.mg', 'adresse							', '2012-03-19', 1, '0000-00-00', 'MIHAMISOA', '1234567mklen', '0000-00-00', '0000-00-00', '', '1', 23, 0, 0, 0, '', 0, 0),
(90, '0', '556', '', 'RASOANAIVO ', 'HENRI FID', 'M', 40, 3, '0', 'email', 'adresse', '0000-00-00', 0, '0000-00-00', NULL, '1234567mklen', '0000-00-00', '0000-00-00', '', '1', 23, 0, 0, 0, '', 0, 0),
(91, '2_26', '560', '', 'RANOASY ', 'EVELINE', 'F', 55, 2, '0', 'email@mail.com', 'adresse							', '1993-10-15', 1, '0000-00-00', 'ranoasy.hot.bhk', '1234567mklen', '0000-00-00', '0000-00-00', '', '1', 34, 0, 0, 0, '', 0, 0),
(92, '0', '561', '', 'RATSIMBAHARINORO ', 'VIVIANE', 'F', 65, 5, '0', 'email', 'adresse', '0000-00-00', 0, '0000-00-00', NULL, '1234567mklen', '0000-00-00', '0000-00-00', '', '1', 23, 0, 0, 0, '', 0, 0),
(93, '0', '562', '', 'RAKOTOVAO ', 'HARINTSALAMA A.', 'M', 86, 2, '0', 'email', 'adresse', '0000-00-00', 0, '0000-00-00', NULL, '1234567mklen', '0000-00-00', '0000-00-00', '', '1', 23, 0, 0, 0, '', 0, 0),
(94, '0', '564', '', 'ANDRIAMIHAJA ', 'J. HENRI', 'M', 51, 2, '0', 'email', 'adresse', '0000-00-00', 0, '0000-00-00', NULL, '1234567mklen', '0000-00-00', '0000-00-00', '', '1', 23, 0, 0, 0, '', 0, 0),
(95, '0', '567', '', 'RAMISAELY ', 'EMILE C.', 'M', 41, 3, '0', 'email', 'adresse', '0000-00-00', 0, '0000-00-00', NULL, '1234567mklen', '0000-00-00', '0000-00-00', '', '1', 23, 0, 0, 0, '', 0, 0),
(96, '0', '568', '', 'RATOLOJANAHARY ', 'HERILANTO', 'M', 54, 2, '0', 'email', 'adresse', '0000-00-00', 0, '0000-00-00', NULL, '1234567mklen', '0000-00-00', '0000-00-00', '', '1', 23, 0, 0, 0, '', 0, 0),
(97, '0', '569', '', 'RAZAFIMANANTSOA ', 'HONOR', 'M', 54, 2, '0', 'email', 'adresse', '0000-00-00', 0, '0000-00-00', NULL, '1234567mklen', '0000-00-00', '0000-00-00', '', '1', 23, 0, 0, 0, '', 0, 0),
(98, '4_30', '570', '', 'RAKOTONDRAFARA ', 'JOHNSON', 'M', 54, 2, '0', 'email', 'adresse', '0000-00-00', 1, '0000-00-00', NULL, '1234567mklen', '0000-00-00', '0000-00-00', '', '1', 23, 0, 0, 0, '', 0, 0),
(99, '0', '571', '', 'RATIARISON ', 'ANDRIANANDRASANA', 'M', 54, 2, '0', 'email', 'adresse', '0000-00-00', 0, '0000-00-00', NULL, '1234567mklen', '0000-00-00', '0000-00-00', '', '1', 23, 0, 0, 0, '', 0, 0),
(100, '0', '572', '', 'RAKOTONIAINA ', 'HANITRA', 'F', 19, 1, '0', 'email', 'adresse', '0000-00-00', 0, '0000-00-00', NULL, '1234567mklen', '0000-00-00', '0000-00-00', '', '1', 23, 0, 0, 0, '', 0, 0),
(101, '0', '573', '', 'RANAIVOSON ', 'ANDRIATAHIANA', 'F', 91, 1, '0', 'email', 'adresse', '0000-00-00', 0, '0000-00-00', NULL, '1234567mklen', '0000-00-00', '0000-00-00', '', '1', 23, 0, 0, 0, '', 0, 0),
(102, '0', '574', '', 'RAKOTOARISOA ', 'JEAN NO', 'M', 30, 1, '0', 'email', 'adresse', '0000-00-00', 0, '0000-00-00', NULL, '1234567mklen', '0000-00-00', '0000-00-00', '', '1', 23, 0, 0, 0, '', 0, 0),
(103, '2_25', '575', '', 'RANAIVOARISOA ', 'HAJA', 'M', 28, 1, '0', 'haja.adh@ostie.org', 'adresse', '2009-07-22', 1, '2013-10-16', 'haja.adh.bhk', '1234567mklen', '0000-00-00', '0000-00-00', '', '1', 23, 0, 0, 0, '', 0, 0),
(104, '2_25', '576', '', 'SOLOFOTOANDROMALALA ', 'HERINTSOA', 'F', 101, 1, '0', 'ostie@ostie.mg', 'adresse							', '1993-12-03', 1, '2013-10-18', 'herintsoa', '1234567mklen', '0000-00-00', '0000-00-00', '', '1', 34, 0, 0, 0, '', 0, 0),
(105, '2_25', '577', '', 'RAKOTONDRANORO ', 'GINA S.', 'F', 23, 1, '0', 'email', 'adresse', '0000-00-00', 1, '2013-10-18', 'GINAH.ADH.BHK', '1234567mklen', '0000-00-00', '0000-00-00', '', '1', 23, 0, 0, 0, '', 0, 0),
(106, '0', '578', '', 'RANARIMBOLOLONA ', 'JOCELYN', 'M', 78, 4, '0', 'email', 'adresse', '0000-00-00', 0, '0000-00-00', NULL, '1234567mklen', '0000-00-00', '0000-00-00', '', '1', 23, 0, 0, 0, '', 0, 0),
(107, '0', '580', '', 'RAOELIMAHEFA ', 'HERINIAINA', 'M', 19, 1, '0', 'email', 'adresse', '0000-00-00', 0, '0000-00-00', NULL, '1234567mklen', '0000-00-00', '0000-00-00', '', '1', 23, 0, 0, 0, '', 0, 0),
(108, '0', '581', '', 'RAKOTOSALAMA ', 'ROGER GUY MICHEL.', 'M', 16, 1, '0', 'email', 'adresse', '0000-00-00', 0, '0000-00-00', NULL, '1234567mklen', '0000-00-00', '0000-00-00', '', '1', 23, 0, 0, 0, '', 0, 0),
(109, '0', '583', '', 'RANDRIAMANANA ', 'DIEU DONN', 'M', 51, 2, '0', 'email', 'adresse', '0000-00-00', 0, '0000-00-00', NULL, '1234567mklen', '0000-00-00', '0000-00-00', '', '1', 23, 0, 0, 0, '', 0, 0),
(110, '0', '584', '', 'RASOLONAVALONA ', 'LALAINA', 'F', 24, 1, '0', 'email', 'adresse', '0000-00-00', 0, '0000-00-00', NULL, '1234567mklen', '0000-00-00', '0000-00-00', '', '1', 23, 0, 0, 0, '', 0, 0),
(111, '0', '587', '', 'RAHARIMALALA ', 'NIRINA C.', 'F', 52, 2, '0', 'email', 'adresse', '0000-00-00', 0, '0000-00-00', NULL, '1234567mklen', '0000-00-00', '0000-00-00', '', '1', 23, 0, 0, 0, '', 0, 0),
(112, '0', '591', '', 'ANDRIAMIARANA ', 'RABENJA GEORGES', 'M', 29, 1, '0', 'email', 'adresse', '0000-00-00', 0, '0000-00-00', NULL, '1234567mklen', '0000-00-00', '0000-00-00', '', '1', 23, 0, 0, 0, '', 0, 0),
(113, '0', '592', '', 'OMBANARIVO ', 'MARTHE', 'F', 52, 2, '0', 'email', 'adresse', '0000-00-00', 0, '0000-00-00', NULL, '1234567mklen', '0000-00-00', '0000-00-00', '', '1', 23, 0, 0, 0, '', 0, 0),
(114, '0', '593', '', 'RAVELOARISOA ', 'NIRINA', 'F', 52, 2, '0', 'email', 'adresse', '0000-00-00', 0, '0000-00-00', NULL, '1234567mklen', '0000-00-00', '0000-00-00', '', '1', 23, 0, 0, 0, '', 0, 0),
(115, '2_25', '594', '', 'ANDRIAMALALA ', 'RENE', 'M', 19, 1, '0', 'rene.cba.bhk@ostie.org', 'adresse', '2009-07-28', 1, '0000-00-00', 'rene.cba.bhk', '1234567mklen', '0000-00-00', '0000-00-00', '', '1', 23, 0, 0, 0, '', 0, 0),
(116, '0', '595', '', 'ANDRIANTAHINA ', 'R. LALAO', 'M', 32, 1, '0', 'email', 'adresse', '0000-00-00', 0, '0000-00-00', NULL, '1234567mklen', '0000-00-00', '0000-00-00', '', '1', 23, 0, 0, 0, '', 0, 0),
(117, '0', '599', '', 'RANDRIANASOLO ', 'MAMINIAINA AUGUSTE', 'M', 54, 2, '0', 'email', 'adresse', '0000-00-00', 0, '0000-00-00', NULL, '1234567mklen', '0000-00-00', '0000-00-00', '', '1', 23, 0, 0, 0, '', 0, 0),
(118, '0', '602', '', 'RAJAONARIVELO ', 'AUGUSTE', 'M', 54, 2, '0', 'email', 'adresse', '0000-00-00', 0, '0000-00-00', NULL, '1234567mklen', '0000-00-00', '0000-00-00', '', '1', 23, 0, 0, 0, '', 0, 0),
(119, '0', '604', '', 'RASOLOMANANINDRINA ', 'JEAN ALFRED', 'M', 17, 2, '0', 'email', 'adresse', '0000-00-00', 0, '0000-00-00', NULL, '1234567mklen', '0000-00-00', '0000-00-00', '', '1', 23, 0, 0, 0, '', 0, 0),
(120, '0', '605', '', 'RANDRIANARISOA ', 'VINCENT', 'M', 54, 2, '0', 'email', 'adresse', '0000-00-00', 0, '0000-00-00', NULL, '1234567mklen', '0000-00-00', '0000-00-00', '', '1', 23, 0, 0, 0, '', 0, 0),
(121, '0', '608', '', 'RAZAFIMALALA ', 'ALBERTINE', 'F', 65, 5, '0', 'email', 'adresse', '0000-00-00', 0, '0000-00-00', NULL, '1234567mklen', '0000-00-00', '0000-00-00', '', '1', 23, 0, 0, 0, '', 0, 0),
(122, '0', '609', '', 'RASOANAMBININA ', 'LYSIE', 'F', 51, 2, '0', 'email', 'adresse', '0000-00-00', 0, '0000-00-00', NULL, '1234567mklen', '0000-00-00', '0000-00-00', '', '1', 23, 0, 0, 0, '', 0, 0),
(123, '0', '611', '', 'MBAHIZAFISAMBO ', 'MARTINOT', 'M', 102, 1, '0', 'email', 'adresse', '0000-00-00', 0, '0000-00-00', NULL, '1234567mklen', '0000-00-00', '0000-00-00', '', '1', 23, 0, 0, 0, '', 0, 0),
(124, '0', '612', '', 'RAVELOJAONA ', 'M. ALINE', 'F', 19, 1, '0', 'email', 'adresse', '0000-00-00', 0, '0000-00-00', NULL, '1234567mklen', '0000-00-00', '0000-00-00', '', '1', 23, 0, 0, 0, '', 0, 0),
(125, '0', '614', '', 'RAZAFINIRINA ', 'MARCELLINE', 'F', 3, 2, '0', 'email', 'adresse', '0000-00-00', 0, '0000-00-00', NULL, '1234567mklen', '0000-00-00', '0000-00-00', '', '1', 23, 0, 0, 0, '', 0, 0),
(126, '0', '620', '', 'RATOLONIRINA ', 'ARISON J.', 'M', 54, 2, '0', 'email', 'adresse', '0000-00-00', 0, '0000-00-00', NULL, '1234567mklen', '0000-00-00', '0000-00-00', '', '1', 23, 0, 0, 0, '', 0, 0),
(127, '0', '623', '', 'RAKOTONDRAZAFY ', 'HARINIVO', 'F', 9, 1, '0', 'email', 'adresse', '0000-00-00', 0, '0000-00-00', NULL, '1234567mklen', '0000-00-00', '0000-00-00', '', '1', 23, 0, 0, 0, '', 0, 0),
(128, '0', '625', '', 'RABEMANANTSOA ', 'JERIMANJATO', 'M', 3, 2, '0', 'email', 'adresse', '0000-00-00', 0, '0000-00-00', NULL, '1234567mklen', '0000-00-00', '0000-00-00', '', '1', 23, 0, 0, 0, '', 0, 0),
(129, '0', '626', '', 'JEAMIS ', 'RAKOTOARISOA', 'M', 74, 2, '0', 'email', 'adresse', '0000-00-00', 0, '0000-00-00', NULL, '1234567mklen', '0000-00-00', '0000-00-00', '', '1', 23, 0, 0, 0, '', 0, 0),
(130, '0', '628', '', 'RABETOKOTANY ', 'PIERROT', 'M', 86, 2, '0', 'email', 'adresse', '0000-00-00', 0, '0000-00-00', NULL, '1234567mklen', '0000-00-00', '0000-00-00', '', '1', 23, 0, 0, 0, '', 0, 0),
(131, '0', '630', '', 'ANDRIARIMALALA ', 'ALEXANDRE', 'M', 61, 5, '0', 'email', 'adresse', '0000-00-00', 0, '0000-00-00', NULL, '1234567mklen', '0000-00-00', '0000-00-00', '', '1', 23, 0, 0, 0, '', 0, 0),
(132, '0', '631', '', 'RAZAFIMANDIMBY ', 'ANDR', 'M', 54, 2, '0', 'email', 'adresse', '0000-00-00', 0, '0000-00-00', NULL, '1234567mklen', '0000-00-00', '0000-00-00', '', '1', 23, 0, 0, 0, '', 0, 0),
(133, '0', '633', '', 'RAVELOARIMANANA ', 'JOS', 'F', 65, 5, '0', 'email', 'adresse', '0000-00-00', 0, '0000-00-00', NULL, '1234567mklen', '0000-00-00', '0000-00-00', '', '1', 23, 0, 0, 0, '', 0, 0),
(134, '0', '636', '', 'RAFARARIVO ', 'BODO V.', 'F', 35, 4, '0', 'email', 'adresse', '0000-00-00', 0, '0000-00-00', NULL, '1234567mklen', '0000-00-00', '0000-00-00', '', '1', 23, 0, 0, 0, '', 0, 0),
(135, '0', '637', '', 'RAKOTONDRAVOAVY ', 'Z.', 'F', 51, 2, '0', 'email', 'adresse', '0000-00-00', 0, '0000-00-00', NULL, '1234567mklen', '0000-00-00', '0000-00-00', '', '1', 23, 0, 0, 0, '', 0, 0),
(136, '0', '638', '', 'RAHARISON ', 'HERITIANA F.', 'F', 99, 1, '0', 'email', 'adresse', '0000-00-00', 0, '0000-00-00', NULL, '1234567mklen', '0000-00-00', '0000-00-00', '', '1', 23, 0, 0, 0, '', 0, 0),
(137, '0', '640', '', 'VELONIRINA ', 'MAURICE', 'M', 54, 2, '0', 'email', 'adresse', '0000-00-00', 0, '0000-00-00', NULL, '1234567mklen', '0000-00-00', '0000-00-00', '', '1', 23, 0, 0, 0, '', 0, 0),
(138, '0', '643', '', 'RAKOTOALIMANANA ', 'HOLISOA', 'F', 20, 4, '0', 'email', 'adresse', '0000-00-00', 0, '0000-00-00', NULL, '1234567mklen', '0000-00-00', '0000-00-00', '', '1', 23, 0, 0, 0, '', 0, 0),
(139, '0', '644', '', 'RAKOTOARISON ', 'ROGER', 'M', 17, 2, '0', 'email', 'adresse', '0000-00-00', 0, '0000-00-00', NULL, '1234567mklen', '0000-00-00', '0000-00-00', '', '1', 23, 0, 0, 0, '', 0, 0),
(140, '0', '646', '', 'RAKOTOARIZANA ', 'VICTOR', 'M', 58, 5, '0', 'email', 'adresse', '0000-00-00', 0, '0000-00-00', NULL, '1234567mklen', '0000-00-00', '0000-00-00', '', '1', 23, 0, 0, 0, '', 0, 0),
(141, '0', '649', '', 'RASOANATOANDRO ', 'NIRINARISOA', 'F', 65, 5, '0', 'email', 'adresse', '0000-00-00', 0, '0000-00-00', NULL, '1234567mklen', '0000-00-00', '0000-00-00', '', '1', 23, 0, 0, 0, '', 0, 0),
(142, '0', '650', '', 'RAHERISOA ', 'M. JEAN B.', 'M', 37, 2, '0', 'email', 'adresse', '0000-00-00', 0, '0000-00-00', NULL, '1234567mklen', '0000-00-00', '0000-00-00', '', '1', 23, 0, 0, 0, '', 0, 0),
(143, '2_13', '651', '', 'RASOANAIVO ', 'HAJA HERV', 'M', 82, 4, '0', 'email@email.com', 'adresse							', '0000-00-00', 0, '0000-00-00', 'Haja', '1234567mklen', '0000-00-00', '0000-00-00', '', '1', 23, 0, 0, 0, '', 0, 0),
(144, '0', '653', '', 'RAMASOMANANA ', 'H. VEROMANGA', 'F', 80, 4, '0', 'email', 'adresse', '0000-00-00', 0, '0000-00-00', NULL, '1234567mklen', '0000-00-00', '0000-00-00', '', '1', 23, 0, 0, 0, '', 0, 0),
(145, '0', '654', '', 'RANDRIAMANANTENA ', 'GILBERT', 'M', 53, 2, '0', 'email', 'adresse', '0000-00-00', 0, '0000-00-00', NULL, '1234567mklen', '0000-00-00', '0000-00-00', '', '1', 23, 0, 0, 0, '', 0, 0),
(146, '0', '656', '', 'RASOARINORO ', 'SYLVIE', 'F', 47, 1, '0', 'email', 'adresse', '0000-00-00', 0, '0000-00-00', NULL, '1234567mklen', '0000-00-00', '0000-00-00', '', '1', 23, 0, 0, 0, '', 0, 0),
(147, '0', '657', '', 'RAKOTONDRAIBE ', 'JEAN MARIE', 'M', 4, 1, '0', 'email', 'adresse', '0000-00-00', 0, '0000-00-00', NULL, '1234567mklen', '0000-00-00', '0000-00-00', '', '1', 23, 0, 0, 0, '', 0, 0),
(148, '0', '658', '', 'RAZAFINDRAHAINGO ', 'GUY D.', 'M', 54, 2, '0', 'email', 'adresse', '0000-00-00', 0, '0000-00-00', NULL, '1234567mklen', '0000-00-00', '0000-00-00', '', '1', 23, 0, 0, 0, '', 0, 0),
(149, '2_40', '660', '', 'ANDRIANARIJAONA ', 'BEBY', 'F', 99, 1, '0', 'beby.cba.bhk@ostie.org', 'adresse', '2009-09-29', 1, '0000-00-00', 'beby.cba.bhk', '1234567mklen', '0000-00-00', '0000-00-00', '', '1', 23, 0, 0, 0, '', 0, 0),
(150, '0', '663', '', 'RAMAHANDRY ', 'ROGER NAHARY', 'M', 17, 2, '0', 'email', 'adresse', '0000-00-00', 0, '0000-00-00', NULL, '1234567mklen', '0000-00-00', '0000-00-00', '', '1', 23, 0, 0, 0, '', 0, 0),
(151, '0', '664', '', 'RAKOTOSON ', 'BERTHIN', 'M', 53, 2, '0', 'email', 'adresse', '0000-00-00', 0, '0000-00-00', NULL, '1234567mklen', '0000-00-00', '0000-00-00', '', '1', 23, 0, 0, 0, '', 0, 0),
(152, '0', '666', '', 'RANDRIANJAFY ', 'TH', 'M', 35, 4, '0', 'email', 'adresse', '0000-00-00', 0, '0000-00-00', NULL, '1234567mklen', '0000-00-00', '0000-00-00', '', '1', 23, 0, 0, 0, '', 0, 0),
(153, '0', '667', '', 'RAHELIARISOA ', 'ALPHONSINE', 'F', 51, 2, '0', 'email', 'adresse', '0000-00-00', 0, '0000-00-00', NULL, '1234567mklen', '0000-00-00', '0000-00-00', '', '1', 23, 0, 0, 0, '', 0, 0),
(154, '0', '668', '', 'RAZAIARISOA ', 'HANTAMALALA MIREILLE', 'F', 98, 5, '0', 'email', 'adresse', '0000-00-00', 0, '0000-00-00', NULL, '1234567mklen', '0000-00-00', '0000-00-00', '', '1', 23, 0, 0, 0, '', 0, 0),
(155, '0', '670', '', 'RAKOTOZAFY ', 'JOS', 'F', 82, 4, '0', 'email', 'adresse', '0000-00-00', 0, '0000-00-00', NULL, '1234567mklen', '0000-00-00', '0000-00-00', '', '1', 23, 0, 0, 0, '', 0, 0),
(156, '2_13', '671', '', 'RANDRASANA ', 'NY HANITRA', 'F', 82, 4, '0', 'yahhoo@email.com', 'adresse							', '0000-00-00', 0, '0000-00-00', 'nyhanitra.bhk.mg', '1234567mklen', '0000-00-00', '0000-00-00', '', '1', 23, 0, 0, 0, '', 0, 0),
(157, '41_30', '672', '', 'RAVAOMALALA ', 'HANTANIRINA HARIJAONA', 'F', 35, 32, '0', 'hanta.stomato.bhk@ostie.org', 'adresse							', '2009-07-08', 1, '2018-10-22', 'hanta', '1234567mklen', '2018-10-22', '2018-11-27', 'UTILISATEUR', '1', 34, 0, 0, 0, '', 0, 0),
(158, '0', '673', '', 'RAKOTONDRAMANANA ', 'R. G.', 'M', 58, 5, '0', 'email', 'adresse', '0000-00-00', 0, '0000-00-00', NULL, '1234567mklen', '0000-00-00', '0000-00-00', '', '1', 23, 0, 0, 0, '', 0, 0),
(159, '0', '674', '', 'RATSIFANDRIHAMANANA ', 'HELISOA', 'F', 35, 4, '0', 'email', 'adresse', '0000-00-00', 0, '0000-00-00', NULL, '1234567mklen', '0000-00-00', '0000-00-00', '', '1', 23, 0, 0, 0, '', 0, 0),
(160, '2_13', '675', '', 'RANDRIANTSOA ', 'ERIC', 'M', 82, 4, '0', 'email@mail.com', 'adresse																																																															', '0000-00-00', 0, '0000-00-00', 'eric.mg.bhk', '1234567mklen', '0000-00-00', '0000-00-00', '', '1', 34, 0, 0, 0, '', 0, 0),
(161, '0', '676', '', 'RAMORANDROSOA ', 'MALALA', 'F', 51, 2, '0', 'email', 'adresse', '0000-00-00', 0, '0000-00-00', NULL, '1234567mklen', '0000-00-00', '0000-00-00', '', '1', 23, 0, 0, 0, '', 0, 0),
(162, '0', '677', '', 'ROBINJANAHARY ', 'FALISOA LALAINA', 'M', 53, 2, '0', 'email', 'adresse', '0000-00-00', 0, '0000-00-00', NULL, '1234567mklen', '0000-00-00', '0000-00-00', '', '1', 23, 0, 0, 0, '', 0, 0),
(163, '0', '678', '', 'RAHANTAMANANA ', 'HAINGONIRINA', 'F', 106, 2, '0', 'email', 'adresse', '0000-00-00', 0, '0000-00-00', NULL, '1234567mklen', '0000-00-00', '0000-00-00', '', '1', 23, 0, 0, 0, '', 0, 0),
(164, '0', '679', '', 'RANDRIANJATOVOMANANA ', 'GEORGES', 'M', 51, 2, '0', 'email', 'adresse', '0000-00-00', 0, '0000-00-00', NULL, '1234567mklen', '0000-00-00', '0000-00-00', '', '1', 23, 0, 0, 0, '', 0, 0),
(165, '0', '680', '', 'RASOARINORO ', 'VOAHANGY', 'F', 51, 2, '0', 'email', 'adresse', '0000-00-00', 0, '0000-00-00', NULL, '1234567mklen', '0000-00-00', '0000-00-00', '', '1', 23, 0, 0, 0, '', 0, 0),
(166, '0', '682', '', 'LANTOARIMANANA ', 'IR', 'F', 98, 5, '0', 'email', 'adresse', '0000-00-00', 0, '0000-00-00', NULL, '1234567mklen', '0000-00-00', '0000-00-00', '', '1', 23, 0, 0, 0, '', 0, 0),
(167, '0', '683', '', 'RANDRIANASOLO ', 'WILLIAM', 'M', 58, 5, '0', 'email', 'adresse', '0000-00-00', 0, '0000-00-00', NULL, '1234567mklen', '0000-00-00', '0000-00-00', '', '1', 23, 0, 0, 0, '', 0, 0),
(168, '0', '685', '', 'ANDRIAMANANTENASOA ', 'FANJA EDMONDE', 'F', 51, 2, '0', 'email', 'adresse', '0000-00-00', 0, '0000-00-00', NULL, '1234567mklen', '0000-00-00', '0000-00-00', '', '1', 23, 0, 0, 0, '', 0, 0),
(169, '0', '687', '', 'RAMBOLAHARIMANANA ', 'VOLOLONTSOA', 'F', 67, 5, '0', 'email', 'adresse', '0000-00-00', 0, '0000-00-00', NULL, '1234567mklen', '0000-00-00', '0000-00-00', '', '1', 23, 0, 0, 0, '', 0, 0),
(170, '0', '688', '', 'RAHANTANIRINA ', 'LILIANE MARIE TH', 'F', 69, 5, '0', 'email', 'adresse', '0000-00-00', 0, '0000-00-00', NULL, '1234567mklen', '0000-00-00', '0000-00-00', '', '1', 23, 0, 0, 0, '', 0, 0),
(171, '0', '690', '', 'RAKOTONANDRASANA ', 'JEAN LOUIS', 'M', 17, 2, '0', 'email', 'adresse', '0000-00-00', 0, '0000-00-00', NULL, '1234567mklen', '0000-00-00', '0000-00-00', '', '1', 23, 0, 0, 0, '', 0, 0),
(172, '0', '691', '', 'RAKOTONIAINA  ', 'ALAIN', 'M', 17, 2, '0', 'email', 'adresse', '0000-00-00', 0, '0000-00-00', NULL, '1234567mklen', '0000-00-00', '0000-00-00', '', '1', 23, 0, 0, 0, '', 0, 0),
(173, '0', '694', '', 'RAZAFIMANANTSOA ', 'GENEVI', 'F', 98, 5, '0', 'email', 'adresse', '0000-00-00', 0, '0000-00-00', NULL, '1234567mklen', '0000-00-00', '0000-00-00', '', '1', 23, 0, 0, 0, '', 0, 0),
(174, '2_21', '695', '', 'RABEMIHOATRA ', 'RAKOTOMAHARO H', 'F', 1, 4, '2226578', 'holy.medtrav@ostie.org', 'ADRESSE																												', '2009-07-22', 1, '0000-00-00', 'drholymdw', '1234567mklen', '0000-00-00', '0000-00-00', '', '1', 34, 0, 0, 0, '', 0, 0),
(175, '2_13', '696', '', 'RABENANAHARY ', 'LANTOSOA OELINORO', 'F', 82, 4, '0', 'rabe@moov.mg', 'adresse																																			', '0000-00-00', 0, '0000-00-00', 'lantosoa.mg.bhk', '1234567mklen', '0000-00-00', '0000-00-00', '', '1', 34, 0, 0, 0, '', 0, 0),
(176, '0', '697', '', 'VOLOLOMBOAHANGY ', 'R. R. LUCETTE', 'F', 51, 2, '0', 'email', 'adresse', '0000-00-00', 0, '0000-00-00', NULL, '1234567mklen', '0000-00-00', '0000-00-00', '', '1', 23, 0, 0, 0, '', 0, 0),
(177, '0', '698', '', 'RAHARIVOLOLONA ', 'ALICE', 'F', 51, 2, '0', 'email', 'adresse', '0000-00-00', 0, '0000-00-00', NULL, '1234567mklen', '0000-00-00', '0000-00-00', '', '1', 23, 0, 0, 0, '', 0, 0),
(178, '0', '699', '', 'RAHARIMANANA ', 'HANTASOA', 'F', 65, 5, '0', 'email', 'adresse', '0000-00-00', 0, '0000-00-00', NULL, '1234567mklen', '0000-00-00', '0000-00-00', '', '1', 23, 0, 0, 0, '', 0, 0),
(179, '82_34', '701', '', 'RAKOTONIRINA ', 'NIVOARISOA', 'F', 88, 1, '0', 'nivo.info.bhk@ostie.org', 'adresse														', '2010-01-18', 1, '2023-05-20', 'fiononana', '1234567mklen', '2023-05-20', '2023-05-23', 'UTILISATEUR', '1', 34, 0, 0, 0, '', 0, 0),
(180, '0', '702', '', 'RANAIVOSON ', 'ANDR', 'M', 17, 2, '0', 'email', 'adresse', '0000-00-00', 0, '0000-00-00', NULL, '1234567mklen', '0000-00-00', '0000-00-00', '', '1', 23, 0, 0, 0, '', 0, 0),
(181, '4_10', '704', '', 'RAHARIMBOAHANGY ', 'VONINTSOA', 'F', 35, 4, '0', 'email@uu.com', 'adresse							', '0000-00-00', 1, '0000-00-00', NULL, '1234567mklen', '0000-00-00', '0000-00-00', '', '1', 23, 0, 0, 0, '', 0, 0),
(182, '0', '707', '', 'RAZANARISOA ', 'TH', 'F', 66, 5, '0', 'email', 'adresse', '0000-00-00', 0, '0000-00-00', NULL, '1234567mklen', '0000-00-00', '0000-00-00', '', '1', 23, 0, 0, 0, '', 0, 0),
(183, '0', '709', '', 'ANDRIAMANALINARIVO ', 'JULMOND', 'M', 17, 2, '0', 'email', 'adresse', '0000-00-00', 0, '0000-00-00', NULL, '1234567mklen', '0000-00-00', '0000-00-00', '', '1', 23, 0, 0, 0, '', 0, 0),
(184, '0', '712', '', 'RANDRIANAINIMARO ', 'JOSIA ANTONI', 'M', 54, 2, '0', 'email', 'adresse', '0000-00-00', 0, '0000-00-00', NULL, '1234567mklen', '0000-00-00', '0000-00-00', '', '1', 23, 0, 0, 0, '', 0, 0),
(185, '0', '713', '', 'RANDRIAMIHAINGO ', 'AUR', 'M', 84, 4, '0', 'email', 'adresse', '0000-00-00', 0, '0000-00-00', NULL, '1234567mklen', '0000-00-00', '0000-00-00', '', '1', 23, 0, 0, 0, '', 0, 0),
(186, '41_13', '714', '', 'RAKOTONDRAMARY ', 'HARILALA', 'M', 82, 4, '0', 'yahhoo@email.com', 'adresse																																																															', '0000-00-00', 1, '2019-02-22', 'HARILALA', '1234567mklen', '2018-11-28', '2019-02-26', 'UTILISATEUR', '1', 34, 0, 1, 0, '', 0, 0),
(187, '0', '715', '', 'RAKOTOMALALA ', 'JEAN DE DIEU E', 'M', 53, 2, '0', 'email', 'adresse', '0000-00-00', 0, '0000-00-00', NULL, '1234567mklen', '0000-00-00', '0000-00-00', '', '1', 23, 0, 0, 0, '', 0, 0),
(188, '0', '716', '', 'RAHARISOA ', 'SAHONDRA LALAO', 'F', 13, 1, '0', 'email', 'adresse', '0000-00-00', 0, '0000-00-00', NULL, '1234567mklen', '0000-00-00', '0000-00-00', '', '1', 23, 0, 0, 0, '', 0, 0),
(189, '2_38', '717', '', 'RAFALIARISOA ', 'RUFFINE MARIE', 'F', 65, 5, '0', 'ruffine.soin.bhk@ostie.org', 'adresse							', '2010-04-09', 1, '0000-00-00', 'RUFFINE.SOIN.BHK', '1234567mklen', '0000-00-00', '0000-00-00', '', '1', 23, 0, 0, 0, '', 0, 0),
(190, '0', '720', '', 'NIRISON ', 'JOS', 'M', 17, 2, '0', 'email', 'adresse', '0000-00-00', 0, '0000-00-00', NULL, '1234567mklen', '0000-00-00', '0000-00-00', '', '1', 23, 0, 0, 0, '', 0, 0),
(191, '0', '722', '', 'RASOLONIAINA ', 'PIERRE', 'M', 17, 2, '0', 'email', 'adresse', '0000-00-00', 0, '0000-00-00', NULL, '1234567mklen', '0000-00-00', '0000-00-00', '', '1', 23, 0, 0, 0, '', 0, 0),
(192, '0', '723', '', 'RAHARIVELO ', 'HAINGOMALALA ALINE', 'F', 96, 1, '0', 'email', 'adresse', '0000-00-00', 0, '0000-00-00', NULL, '1234567mklen', '0000-00-00', '0000-00-00', '', '1', 23, 0, 0, 0, '', 0, 0),
(193, '0', '725', '', 'RANJAVASON ', 'ANDRIANIAINA YVES ALAIN', 'M', 19, 1, '0', 'email', 'adresse', '0000-00-00', 0, '0000-00-00', NULL, '1234567mklen', '0000-00-00', '0000-00-00', '', '1', 23, 0, 0, 0, '', 0, 0),
(194, '2_25', '726', '', 'ANDRIAMISAINA ', 'LANTO NIRINA', 'M', 22, 1, '0', 'lanto.adh.bhk@ostie.org', 'adresse', '0000-00-00', 1, '2013-10-12', 'lanto.adh.bhk', '1234567mklen', '0000-00-00', '0000-00-00', '', '1', 23, 0, 0, 0, '', 0, 0),
(195, '2_10', '729', '', 'RAVELOSON', 'HOLY LUCIENNE', 'F', 83, 4, '0', 'holy.labo.bhk@ostie.org', 'adresse', '2009-06-23', 1, '0000-00-00', 'holy.labo.bhk', '1234567mklen', '0000-00-00', '0000-00-00', '', '1', 23, 0, 0, 0, '', 0, 0),
(196, '0', '730', '', 'RASOLOVAO ', 'HARIMALALA', 'F', 98, 5, '0', 'email', 'adresse', '0000-00-00', 0, '0000-00-00', NULL, '1234567mklen', '0000-00-00', '0000-00-00', '', '1', 23, 0, 0, 0, '', 0, 0),
(197, '0', '733', '', 'RANARISON ', 'JEANNIE LYDIA HORTENSE', 'F', 51, 2, '0', 'email', 'adresse', '0000-00-00', 0, '0000-00-00', NULL, '1234567mklen', '0000-00-00', '0000-00-00', '', '1', 23, 0, 0, 0, '', 0, 0),
(198, '0', '734', '', 'RAOZIARISOA ', 'HANTAVOLOLONA', 'F', 51, 2, '0', 'email', 'adresse', '0000-00-00', 0, '0000-00-00', NULL, '1234567mklen', '0000-00-00', '0000-00-00', '', '1', 23, 0, 0, 0, '', 0, 0),
(199, '2_24', '735', '', 'RAHERINIRINA ', 'LEON', 'M', 3, 2, '0', 'ostie@ostie.mg', 'adresse							', '2012-11-12', 0, '0000-00-00', 'leon.stomato.bhk', '1234567mklen', '0000-00-00', '0000-00-00', '', '1', 23, 0, 0, 0, '', 0, 0),
(200, '0', '739', '', 'RAKOTOMAVO ', 'JEAN CLAUDE', 'M', 54, 2, '0', 'email', 'adresse', '0000-00-00', 0, '0000-00-00', NULL, '1234567mklen', '0000-00-00', '0000-00-00', '', '1', 23, 0, 0, 0, '', 0, 0),
(201, '0', '740', '', 'RAKOTONDRASOA ', 'ROGER', 'M', 37, 2, '0', 'email', 'adresse', '0000-00-00', 0, '0000-00-00', NULL, '1234567mklen', '0000-00-00', '0000-00-00', '', '1', 23, 0, 0, 0, '', 0, 0),
(202, '2_4', '742', '', 'RAKOTOMALALA ', 'SOAMBOLANORO R', 'F', 85, 4, '439', 'soanoro@ostie.org', 'adresse																																																																																																																																																																																																																									', '2009-07-22', 1, '2013-08-01', 'soanoro.vis.bhk', '1234567mklen', '0000-00-00', '0000-00-00', '', '1', 36, 0, 0, 0, '', 0, 0),
(203, '0', '743', '', 'RAZANAMAMPIANINA ', 'HOLIARISOA', 'F', 44, 2, '0', 'email', 'adresse', '0000-00-00', 0, '0000-00-00', NULL, '1234567mklen', '0000-00-00', '0000-00-00', '', '1', 23, 0, 0, 0, '', 0, 0),
(204, '0', '744', '', 'RANDRIANARISON ', 'OLGA', 'F', 44, 2, '0', 'email', 'adresse', '0000-00-00', 0, '0000-00-00', NULL, '1234567mklen', '0000-00-00', '0000-00-00', '', '1', 23, 0, 0, 0, '', 0, 0),
(205, '0', '745', '', 'RAVAOSOLOMAMPISA ', 'HAINGONIRINA', 'F', 95, 2, '0', 'email', 'adresse', '0000-00-00', 0, '0000-00-00', NULL, '1234567mklen', '0000-00-00', '0000-00-00', '', '1', 23, 0, 0, 0, '', 0, 0),
(206, '0', '746', '', 'RANANJASOA ', 'BODOMANANA', 'F', 65, 5, '0', 'email', 'adresse', '0000-00-00', 0, '0000-00-00', NULL, '1234567mklen', '0000-00-00', '0000-00-00', '', '1', 23, 0, 0, 0, '', 0, 0),
(207, '0', '748', '', 'RAHANTAMALALA ', 'SAHONDRA NINA', 'F', 52, 2, '0', 'email', 'adresse', '0000-00-00', 0, '0000-00-00', NULL, '1234567mklen', '0000-00-00', '0000-00-00', '', '1', 23, 0, 0, 0, '', 0, 0),
(208, '2_10', '749', '', 'RAZANAMELINA ', 'HANTANIRINA', 'F', 72, 5, '406', 'hanta.labo.bhk@ostie.org', 'adresse', '2009-09-29', 0, '0000-00-00', 'hanta.labo.bhk', '1234567mklen', '0000-00-00', '0000-00-00', '', '1', 23, 0, 0, 0, '', 0, 0),
(209, '2_24', '750', '', 'RAHARISOA ', 'MAMINIAINA LYDIA', 'F', 3, 2, '0', 'ostie@ostie.mg', 'adresse							', '0000-00-00', 1, '0000-00-00', 'lydia.stomato.bhk', '1234567mklen', '0000-00-00', '0000-00-00', '', '1', 23, 0, 0, 0, '', 0, 0),
(210, '0', '752', '', 'RAHARIJAONA ', 'FANJA PRISCA PAILLETTE', 'F', 44, 2, '0', 'email', 'adresse', '0000-00-00', 0, '0000-00-00', NULL, '1234567mklen', '0000-00-00', '0000-00-00', '', '1', 23, 0, 0, 0, '', 0, 0),
(211, '0', '753', '', 'RAJAONARILALA ', 'LANTOHARISOA FANJANIRINA', 'F', 95, 2, '0', 'email', 'adresse', '0000-00-00', 0, '0000-00-00', NULL, '1234567mklen', '0000-00-00', '0000-00-00', '', '1', 23, 0, 0, 0, '', 0, 0),
(212, '2_25', '754', '', 'RANAIVOMANANA ', 'FANJANIRINA JACQUELINE', 'F', 45, 1, '0', 'fanja.adh.bhk@ostie.mg', 'adresse', '0000-00-00', 1, '0000-00-00', 'fanja.adh.bhk', '1234567mklen', '0000-00-00', '0000-00-00', '', '1', 23, 0, 0, 0, '', 0, 0),
(213, '0', '755', '', 'RATOMPO ', 'HARISON ROLLAND', 'M', 35, 4, '0', 'email', 'adresse', '0000-00-00', 0, '0000-00-00', NULL, '1234567mklen', '0000-00-00', '0000-00-00', '', '1', 23, 0, 0, 0, '', 0, 0),
(214, '0', '757', '', 'RAKOTOMALALA ', 'LISIARISOA FANJA EL', 'F', 52, 2, '0', 'email', 'adresse', '0000-00-00', 0, '0000-00-00', NULL, '1234567mklen', '0000-00-00', '0000-00-00', '', '1', 23, 0, 0, 0, '', 0, 0),
(215, '2_42', '758', '', 'RANJANIRINA ', 'HARISOA BIEN AIM', 'F', 3, 2, '0', 'ranja.stomato.bhk@ostie.org', 'adresse														', '2009-10-01', 0, '0000-00-00', 'ranja.stomato.bhk', '1234567mklen', '0000-00-00', '0000-00-00', '', '1', 23, 0, 0, 0, '', 0, 0),
(216, '41_30', 'PREST1', '', 'RANAIVOARISON', 'TELMA SYRIACK', 'F', 35, 4, '0', 'email@email.com', 'adresse							', '2013-07-01', 1, '2014-10-31', 'ranaivoarison', '1234567mklen', '0000-00-00', '0000-00-00', '', '1', 34, 0, 0, 0, '', 0, 0),
(217, '0', '760', '', 'RIVONANTENAINA ', 'ANDR', 'M', 19, 1, '0', 'email', 'adresse', '0000-00-00', 0, '0000-00-00', NULL, '1234567mklen', '0000-00-00', '0000-00-00', '', '1', 23, 0, 0, 0, '', 0, 0),
(218, '0', '761', '', 'RATOVOMANANTSOA ', 'FANJATIANANIRINA W', 'F', 19, 1, '0', 'email', 'adresse', '0000-00-00', 0, '0000-00-00', NULL, '1234567mklen', '0000-00-00', '0000-00-00', '', '1', 23, 0, 0, 0, '', 0, 0),
(219, '0', '763', '', 'RAKOTONDRABE ', 'HONOR', 'M', 17, 2, '0', 'email', 'adresse', '0000-00-00', 0, '0000-00-00', NULL, '1234567mklen', '0000-00-00', '0000-00-00', '', '1', 23, 0, 0, 0, '', 0, 0),
(220, '0', '764', '', 'RANDRIANARIVELO ', 'VOAHIRANA', 'F', 98, 5, '0', 'email', 'adresse', '0000-00-00', 0, '0000-00-00', NULL, '1234567mklen', '0000-00-00', '0000-00-00', '', '1', 23, 0, 0, 0, '', 0, 0),
(221, '0', '765', '', 'RAMANAMIZAKA ', 'HANTASOA VOLOLONIAINA', 'F', 65, 5, '0', 'email', 'adresse', '0000-00-00', 0, '0000-00-00', NULL, '1234567mklen', '0000-00-00', '0000-00-00', '', '1', 23, 0, 0, 0, '', 0, 0),
(222, '0', '766', '', 'RAKOTOARIVELO ', 'CLAIRE JEANNINE ODETTE', 'F', 73, 2, '0', 'email', 'adresse', '0000-00-00', 0, '0000-00-00', NULL, '1234567mklen', '0000-00-00', '0000-00-00', '', '1', 23, 0, 0, 0, '', 0, 0),
(223, '6_10', '768', '', 'RAMANANTSITOERA ', 'JEAN VALIMANDA', 'M', 71, 5, '0', 'email', 'adresse', '0000-00-00', 0, '0000-00-00', NULL, '1234567mklen', '0000-00-00', '0000-00-00', '', '1', 23, 0, 0, 0, '', 0, 0),
(224, '0', '769', '', 'RAKOTONINDRINA ', 'FIDIMALALA', 'M', 58, 5, '0', 'email', 'adresse', '0000-00-00', 0, '0000-00-00', NULL, '1234567mklen', '0000-00-00', '0000-00-00', '', '1', 23, 0, 0, 0, '', 0, 0),
(225, '2_27', '770', '', 'ANDRIAMANDAY ', 'SOLOFOMIARAMANANA', 'M', 106, 2, '0', 'solofo.tfm.bhk@ostie.org', 'adresse																												', '2009-10-09', 1, '0000-00-00', 'solofo.tfm.bhk', '1234567mklen', '0000-00-00', '0000-00-00', '', '1', 34, 0, 0, 0, '', 0, 0),
(226, '2_26', '771', '', 'RANDRIANARIVO ', 'FLORENCE', 'F', 55, 2, '424', 'florence.hot.bhk@ostie.org', 'adresse							', '2009-09-30', 1, '0000-00-00', 'florence.hot.bhk', '1234567mklen', '0000-00-00', '0000-00-00', '', '1', 23, 0, 0, 0, '', 0, 0),
(227, '0', '773', '', 'RAVELOARISOA ', 'MAMY TAHINA', 'F', 44, 2, '0', 'email', 'adresse', '0000-00-00', 0, '0000-00-00', NULL, '1234567mklen', '0000-00-00', '0000-00-00', '', '1', 23, 0, 0, 0, '', 0, 0),
(228, '0', '774', '', 'RAKOTOARISON ', 'VELONANDRO', 'M', 70, 2, '0', 'email', 'adresse', '0000-00-00', 0, '0000-00-00', NULL, '1234567mklen', '0000-00-00', '0000-00-00', '', '1', 23, 0, 0, 0, '', 0, 0),
(229, '0', '776', '', 'SOLOMISAINA ', 'LANTONIAINA', 'F', 55, 2, '0', 'email', 'adresse', '0000-00-00', 0, '0000-00-00', NULL, '1234567mklen', '0000-00-00', '0000-00-00', '', '1', 23, 0, 0, 0, '', 0, 0),
(230, '41_13', '778', '', 'RAKOTOSON ', 'OLIVIER', 'M', 82, 4, '0', 'email@gmailk.com', 'adresse							', '0000-00-00', 1, '2018-02-23', 'rakotoson.mg.pac', '1234567mklen', '2018-02-22', '2018-02-27', 'UTILISATEUR', '1', 34, 0, 1, 0, '', 0, 0),
(231, '0', '779', '', 'RAMAROSON ', 'BERNARD AUGUSTE', 'M', 54, 2, '0', 'email', 'adresse', '0000-00-00', 0, '0000-00-00', NULL, '1234567mklen', '0000-00-00', '0000-00-00', '', '1', 23, 0, 0, 0, '', 0, 0);
INSERT INTO `personnel` (`persnl_id`, `persnl_centreServiceId`, `persnl_matricule`, `persnl_codeOnm`, `persnl_nom`, `persnl_prenom`, `prsnl_sexe`, `persnl_fonctionId`, `prsnlcp_id`, `persnl_tel`, `persnl_email`, `persnl_adresse`, `persnl_embaucheDate`, `persnl_presence`, `persnl_presenceDate`, `persnl_login`, `persnl_password`, `persnl_passwordDateDeb`, `persnl_passwordDateFin`, `persnl_passwordObs`, `persnl_etatId`, `persnl_pharmacieCompId`, `persnl_porte`, `persnl_imptype`, `persnl_ipId`, `persnl_ipAdress`, `persnl_centreId`, `persnl_serviceId`) VALUES
(232, '0', '780', '', 'ALBERSON ', 'LUCIEN', 'M', 82, 4, '0', 'email', 'adresse', '0000-00-00', 0, '0000-00-00', NULL, '1234567mklen', '0000-00-00', '0000-00-00', '', '1', 23, 0, 0, 0, '', 0, 0),
(233, '0', '781', '', 'RAZAFINDRAMANANA ', 'FENOSOA NICOLE', 'F', 73, 2, '0', 'email', 'adresse', '0000-00-00', 0, '0000-00-00', NULL, '1234567mklen', '0000-00-00', '0000-00-00', '', '1', 23, 0, 0, 0, '', 0, 0),
(234, '2_11', '782', '', 'RAMASINIRINA ', 'ZOELIARINIVO', 'F', 51, 2, '0', 'nivo.acc.bhk@ostie.org', 'adresse', '2009-09-28', 1, '0000-00-00', 'nivo.rad.bhk', '1234567mklen', '0000-00-00', '0000-00-00', '', '1', 23, 0, 0, 0, '', 0, 0),
(235, '2_25', '783', '', 'RABENANDRASANA ', 'BODOMALALA', 'F', 44, 2, '0', 'email', 'adresse', '0000-00-00', 1, '2013-10-18', 'bodo.adh.bhk', '1234567mklen', '0000-00-00', '0000-00-00', '', '1', 23, 0, 0, 0, '', 0, 0),
(236, '0', '784', '', 'RAZAIARISOA ', 'ARINETTE', 'F', 98, 5, '0', 'email', 'adresse', '0000-00-00', 0, '0000-00-00', NULL, '1234567mklen', '0000-00-00', '0000-00-00', '', '1', 23, 0, 0, 0, '', 0, 0),
(237, '0', '785', '', 'RAKOTOMALALA ', 'VOAHANGINIRINA', 'F', 95, 2, '0', 'email', 'adresse', '0000-00-00', 0, '0000-00-00', NULL, '1234567mklen', '0000-00-00', '0000-00-00', '', '1', 23, 0, 0, 0, '', 0, 0),
(238, '0', '786', '', 'RALAMBOARISOA ', 'ANDRIANABO HERITIANA', 'M', 3, 2, '0', 'email', 'adresse', '0000-00-00', 0, '0000-00-00', NULL, '1234567mklen', '0000-00-00', '0000-00-00', '', '1', 23, 0, 0, 0, '', 0, 0),
(239, '0', '787', '', 'RANDRIAMANANTENA ', 'ALAIN PATRICK', 'M', 54, 2, '0', 'email', 'adresse', '0000-00-00', 0, '0000-00-00', NULL, '1234567mklen', '0000-00-00', '0000-00-00', '', '1', 23, 0, 0, 0, '', 0, 0),
(240, '0', '788', '', 'ANDRIANARINOSY ', 'SAHONDRA HANITRINIAINA', 'F', 19, 1, '0', 'email', 'adresse', '0000-00-00', 0, '0000-00-00', NULL, '1234567mklen', '0000-00-00', '0000-00-00', '', '1', 23, 0, 0, 0, '', 0, 0),
(241, '0', '789', '', 'RASAMOELINA ', 'LOUIS JOSEPH', 'M', 37, 2, '0', 'email', 'adresse', '0000-00-00', 0, '0000-00-00', NULL, '1234567mklen', '0000-00-00', '0000-00-00', '', '1', 23, 0, 0, 0, '', 0, 0),
(242, '2_13', '790', '', 'RANDRIANARIJAONA ', 'ANDRIAMISAINA', 'M', 82, 4, '0', 'email@yahho.fr', 'adresse																																																																																																									', '0000-00-00', 1, '0000-00-00', 'saina.mg.bhk', '1234567mklen', '0000-00-00', '0000-00-00', '', '1', 34, 0, 0, 0, '', 0, 0),
(243, '2_13', '791', '', 'RAJERISON RAZAFITSALAMA', 'IRENE', 'F', 85, 4, '0', 'irene.mg.bhk@ostie.mg', 'adresse																																																																																																																																																																																																																																																								', '2009-06-17', 1, '0000-00-00', 'irene.mg.bhk', '1234567mklen', '0000-00-00', '0000-00-00', '', '1', 36, 0, 0, 0, '', 0, 0),
(244, '2_26', '793', '', 'RAZAFIARISOA ', 'ROMAINE', 'F', 58, 5, '0', 'email@ostie.mg', 'ADRESSE														', '2009-09-28', 1, '0000-00-00', 'rom', '1234567mklen', '0000-00-00', '0000-00-00', '', '5', 23, 0, 0, 0, '', 0, 0),
(245, '0', '794', '', 'RAZAFIARISOA ', 'AIM', 'F', 52, 2, '0', 'email', 'adresse', '0000-00-00', 0, '0000-00-00', NULL, '1234567mklen', '0000-00-00', '0000-00-00', '', '1', 23, 0, 0, 0, '', 0, 0),
(246, '2_26', '795', '', 'RASAMIARIVONY ', 'SYLVIE TATAMO', 'F', 44, 2, '0', 'email@mail.com', 'adresse							', '2000-08-20', 1, '0000-00-00', 'sylvie.hot.bhk', '1234567mklen', '0000-00-00', '0000-00-00', '', '1', 34, 0, 0, 0, '', 0, 0),
(247, '0', '796', '', 'RAHELINIAINASOA ', 'VOARINIRINA', 'F', 44, 2, '0', 'email', 'adresse', '0000-00-00', 0, '0000-00-00', NULL, '1234567mklen', '0000-00-00', '0000-00-00', '', '1', 23, 0, 0, 0, '', 0, 0),
(248, '0', '797', '', 'RASOARISOA ', 'LALAHARINORO', 'F', 58, 5, '0', 'email', 'adresse', '0000-00-00', 0, '0000-00-00', NULL, '1234567mklen', '0000-00-00', '0000-00-00', '', '1', 23, 0, 0, 0, '', 0, 0),
(249, '2_13', '798', '', 'ANDRIAMIHAJARIVONY ', 'JAOHERISON C', 'M', 85, 4, '0', 'email@o.com', 'adresse																																																																																											', '0000-00-00', 1, '0000-00-00', 'jaoherisoa.mg.ilf', '1234567mklen', '0000-00-00', '0000-00-00', '', '1', 36, 0, 0, 0, '', 0, 0),
(250, '0', '799', '', 'ANDRIAMIARANA ', 'LALA TIANA', 'F', 79, 4, '0', 'email', 'adresse', '0000-00-00', 0, '0000-00-00', NULL, '1234567mklen', '0000-00-00', '0000-00-00', '', '1', 23, 0, 0, 0, '', 0, 0),
(251, '0', '800', '', 'SOLOFO ', 'PIERRE JEAN BAPTISTE', 'M', 51, 2, '0', 'email', 'adresse', '0000-00-00', 0, '0000-00-00', NULL, '1234567mklen', '0000-00-00', '0000-00-00', '', '1', 23, 0, 0, 0, '', 0, 0),
(252, '2_24', '801', '', 'RASOARIMALALA ', 'JEANNINE AIMEE', 'F', 51, 2, '0', 'aimee.acc.bhk@ostie.org', 'adresse', '2009-09-28', 1, '0000-00-00', 'aimee.acc.bhk', '1234567mklen', '0000-00-00', '0000-00-00', '', '1', 23, 0, 0, 0, '', 0, 0),
(253, '0', '802', '', 'RAZANAKOLONA  ', 'HAJANIRINA', 'F', 52, 2, '0', 'email', 'adresse', '0000-00-00', 0, '0000-00-00', NULL, '1234567mklen', '0000-00-00', '0000-00-00', '', '1', 23, 0, 0, 0, '', 0, 0),
(254, '0', '803', '', 'RANDRIANARISOA ', 'MICHELLINE', 'F', 52, 2, '0', 'email', 'adresse', '0000-00-00', 0, '0000-00-00', NULL, '1234567mklen', '0000-00-00', '0000-00-00', '', '1', 23, 0, 0, 0, '', 0, 0),
(255, '0', '804', '', 'RABENANTOANDRO ', 'L', 'M', 70, 2, '0', 'email', 'adresse', '0000-00-00', 0, '0000-00-00', NULL, '1234567mklen', '0000-00-00', '0000-00-00', '', '1', 23, 0, 0, 0, '', 0, 0),
(256, '0', '805', '', 'RATOVOALIVONY ', 'MICHA', 'M', 35, 4, '0', 'email', 'adresse', '0000-00-00', 0, '0000-00-00', NULL, '1234567mklen', '0000-00-00', '0000-00-00', '', '1', 23, 0, 0, 0, '', 0, 0),
(257, '0', '807', '', 'RATOVOSON ', 'NESTOR', 'M', 4, 2, '0', 'email', 'adresse', '0000-00-00', 0, '0000-00-00', NULL, '1234567mklen', '0000-00-00', '0000-00-00', '', '1', 23, 0, 0, 0, '', 0, 0),
(258, '0', '808', '', 'RAKOTOMALALA ', 'MIZASOA', 'F', 72, 5, '0', 'email', 'adresse', '0000-00-00', 0, '0000-00-00', NULL, '1234567mklen', '0000-00-00', '0000-00-00', '', '1', 23, 0, 0, 0, '', 0, 0),
(259, '2_4', '809', '', 'RAZAFINDRASIKINA ', 'JULES', 'M', 75, 5, '0', 'email', 'adresse', '0000-00-00', 1, '2013-07-31', 'francois', '1234567mklen', '0000-00-00', '0000-00-00', '', '1', 23, 0, 0, 0, '', 0, 0),
(260, '2_17', '810', '', 'RAZANAMPARANY ', 'JANY PRISCA', 'F', 97, 5, '422', 'prisca.sf.bhk@ostie.org', 'adresse														', '2009-07-23', 1, '0000-00-00', 'PRISCA.SF.BHK', '1234567mklen', '0000-00-00', '0000-00-00', '', '1', 23, 0, 0, 0, '', 0, 0),
(261, '0', '811', '', 'RANGORIVAOSOLOARINALA ', 'PERLINE C', 'F', 52, 2, '0', 'email', 'adresse', '0000-00-00', 0, '0000-00-00', NULL, '1234567mklen', '0000-00-00', '0000-00-00', '', '1', 23, 0, 0, 0, '', 0, 0),
(262, '0', '812', '', 'HARILALA ', 'ELEONORE CHARLINE', 'F', 73, 2, '0', 'email', 'adresse', '0000-00-00', 0, '0000-00-00', NULL, '1234567mklen', '0000-00-00', '0000-00-00', '', '1', 23, 0, 0, 0, '', 0, 0),
(263, '0', '813', '', 'RASANDIMANANA ', 'NOROMALALA RIVO', 'F', 82, 4, '0', 'email', 'adresse', '0000-00-00', 0, '0000-00-00', NULL, '1234567mklen', '0000-00-00', '0000-00-00', '', '1', 23, 0, 0, 0, '', 0, 0),
(264, '0', '814', '', 'RAKOTONIAINA ', 'JEAN OLIVIER', 'M', 54, 2, '0', 'email', 'adresse', '0000-00-00', 0, '0000-00-00', NULL, '1234567mklen', '0000-00-00', '0000-00-00', '', '1', 23, 0, 0, 0, '', 0, 0),
(265, '0', '816', '', 'RAZAIARISOA ', 'NIRINA', 'F', 3, 2, '0', 'email', 'adresse', '0000-00-00', 0, '0000-00-00', NULL, '1234567mklen', '0000-00-00', '0000-00-00', '', '1', 23, 0, 0, 0, '', 0, 0),
(266, '0', '818', '', 'RAHAJAMAHEFA ', 'VALOMAMPIONONA', 'M', 17, 2, '0', 'email', 'adresse', '0000-00-00', 0, '0000-00-00', NULL, '1234567mklen', '0000-00-00', '0000-00-00', '', '1', 23, 0, 0, 0, '', 0, 0),
(267, '0', '819', '', 'RAHAJAMIANTAMIARANTSOA ', 'LOYOLA ROSTIN', 'M', 53, 2, '0', 'email', 'adresse', '0000-00-00', 0, '0000-00-00', NULL, '1234567mklen', '0000-00-00', '0000-00-00', '', '1', 23, 0, 0, 0, '', 0, 0),
(268, '0', '820', '', 'RAZAIARISOA ', 'LANTONIRINA CLAIRE', 'F', 52, 2, '0', 'email', 'adresse', '0000-00-00', 0, '0000-00-00', NULL, '1234567mklen', '0000-00-00', '0000-00-00', '', '1', 23, 0, 0, 0, '', 0, 0),
(269, '0', '821', '', 'RANDIMBISOA ', 'DOROTH', 'F', 98, 5, '0', 'email', 'adresse', '0000-00-00', 0, '0000-00-00', NULL, '1234567mklen', '0000-00-00', '0000-00-00', '', '1', 23, 0, 0, 0, '', 0, 0),
(270, '0', '822', '', 'SAHOLY ', 'ELVINE', 'F', 106, 2, '0', 'email', 'adresse', '0000-00-00', 0, '0000-00-00', NULL, '1234567mklen', '0000-00-00', '0000-00-00', '', '1', 23, 0, 0, 0, '', 0, 0),
(271, '0', '823', '', 'RAKOTOZANANY ', 'JOHNNY EMMANUEL', 'M', 82, 4, '0', 'email', 'adresse', '0000-00-00', 0, '0000-00-00', NULL, '1234567mklen', '0000-00-00', '0000-00-00', '', '1', 23, 0, 0, 0, '', 0, 0),
(272, '0', '824', '', 'RAZAFINDRAKOTO  ', '', 'M', 62, 5, '0', 'email', 'adresse', '0000-00-00', 0, '0000-00-00', NULL, '1234567mklen', '0000-00-00', '0000-00-00', '', '1', 23, 0, 0, 0, '', 0, 0),
(273, '2_25', '825', '', 'RAFALINIRINA ', 'ROLLAND DIMITRI', 'M', 45, 1, '0', 'dimitri.adh.bhk@ostie.mg', 'adresse', '0000-00-00', 1, '0000-00-00', 'dimitri.adh.bhk', '1234567mklen', '0000-00-00', '0000-00-00', '', '1', 23, 0, 0, 0, '', 0, 0),
(274, '2_17', '826', '', 'RAZANAKOLONA ', 'LALATIANA NIVOARISOA', 'F', 98, 5, '422', 'lalatiana.sf.bhk@ostie.org', 'ADRESSE', '2009-07-23', 1, '0000-00-00', 'lalatiana.sf.bhk', '1234567mklen', '0000-00-00', '0000-00-00', '', '1', 23, 0, 0, 0, '', 0, 0),
(275, '0', '827', '', 'RAMILIARIMANANA ', 'ANDRIANIRINARISOA HAJATIANA', 'M', 36, 1, '0', 'email', 'adresse', '0000-00-00', 0, '0000-00-00', NULL, '1234567mklen', '0000-00-00', '0000-00-00', '', '1', 23, 0, 0, 0, '', 0, 0),
(276, '0', '828', '', 'RAKOTONDRAJAO  ', 'ANS', 'M', 82, 4, '0', 'email', 'adresse', '0000-00-00', 0, '0000-00-00', NULL, '1234567mklen', '0000-00-00', '0000-00-00', '', '1', 23, 0, 0, 0, '', 0, 0),
(277, '0', '829', '', 'ANDRIANTAVY  ', 'HUGUETTE', 'F', 82, 4, '0', 'email', 'adresse', '0000-00-00', 0, '0000-00-00', NULL, '1234567mklen', '0000-00-00', '0000-00-00', '', '1', 23, 0, 0, 0, '', 0, 0),
(278, '0', '830', '', 'RASAMISON ', 'ANDRIAMAHAY FANJARIVO', 'M', 54, 2, '0', 'email', 'adresse', '0000-00-00', 0, '0000-00-00', NULL, '1234567mklen', '0000-00-00', '0000-00-00', '', '1', 23, 0, 0, 0, '', 0, 0),
(279, '0', '831', '', 'RAKOTOARIVELO ', 'NIRINA PIERROT', 'M', 54, 2, '0', 'email', 'adresse', '0000-00-00', 0, '0000-00-00', NULL, '1234567mklen', '0000-00-00', '0000-00-00', '', '1', 23, 0, 0, 0, '', 0, 0),
(280, '0', '832', '', 'ANDRIANIRIANTSOA ', 'JEAN DE DIEU', 'M', 54, 2, '0', 'email', 'adresse', '0000-00-00', 0, '0000-00-00', NULL, '1234567mklen', '0000-00-00', '0000-00-00', '', '1', 23, 0, 0, 0, '', 0, 0),
(281, '0', '833', '', 'RAYMOND  ', 'HOELA', 'M', 54, 2, '0', 'email', 'adresse', '0000-00-00', 0, '0000-00-00', NULL, '1234567mklen', '0000-00-00', '0000-00-00', '', '1', 23, 0, 0, 0, '', 0, 0),
(282, '0', '835', '', 'RAKOTONIAINA ', 'HARITIANA BARBARA', 'F', 33, 4, '0', 'email', 'adresse', '0000-00-00', 0, '0000-00-00', NULL, '1234567mklen', '0000-00-00', '0000-00-00', '', '1', 23, 0, 0, 0, '', 0, 0),
(283, '2_30', '837', '', 'RAZAFINDRAIBE ', 'ZOLIH-HARISOA HAINGOTIANA', 'F', 35, 4, '0', 'email@ostie.net', 'ADRESSE														', '0000-00-00', 0, '0000-00-00', NULL, '1234567mklen', '0000-00-00', '0000-00-00', '', '1', 23, 0, 0, 0, '', 0, 0),
(284, '0', '840', '', 'RAFALIMANANA ', 'ROLAND ROGER', 'M', 35, 4, '0', 'email', 'adresse', '0000-00-00', 0, '0000-00-00', NULL, '1234567mklen', '0000-00-00', '0000-00-00', '', '1', 23, 0, 0, 0, '', 0, 0),
(285, '41_44', '842', '', 'RAMBONIARIVONY ', 'LILIANE', 'F', 51, 2, '0', 'liliane.acc.bhk@ostie.org', 'adresse																																			', '2009-09-28', 1, '2015-06-19', 'liliane', '1234567mklen', '2015-06-08', '2015-08-30', 'UTILISATEUR', '1', 34, 0, 0, 1, '', 0, 24),
(286, '0', '844', '', 'RANDRIANJAFISOA ', 'JEAN FLORENT', 'M', 53, 2, '0', 'email', 'adresse', '0000-00-00', 0, '0000-00-00', NULL, '1234567mklen', '0000-00-00', '0000-00-00', '', '1', 23, 0, 0, 0, '', 0, 0),
(287, '0', '845', '', 'RATAHINANOMENJANAHARY ', 'VOLOLONIRINA ESTHER', 'F', 73, 2, '0', 'email', 'adresse', '0000-00-00', 0, '0000-00-00', NULL, '1234567mklen', '0000-00-00', '0000-00-00', '', '1', 23, 0, 0, 0, '', 0, 0),
(288, '2_24', '846', '', 'RAMAVOARILALA ', 'EMILIENNE', 'F', 3, 2, '0', 'lala.stomato.bhk@ostie.org', 'ADRESSE														', '2009-09-30', 1, '0000-00-00', 'lala.stomato.bhk', '1234567mklen', '0000-00-00', '0000-00-00', '', '1', 23, 0, 0, 0, '', 0, 0),
(289, '2_24', '848', '', 'RABEMANANA ', 'RIJAMAHOLY', 'M', 3, 2, '0', 'ostie@ostie.mg', 'adresse							', '2012-11-12', 0, '0000-00-00', 'rija.stomato.bhk', '1234567mklen', '0000-00-00', '0000-00-00', '', '1', 23, 0, 0, 0, '', 0, 0),
(290, '0', '849', '', 'RANDRIANARISON ', 'FANJAMALALA', 'F', 51, 2, '0', 'email', 'adresse', '0000-00-00', 0, '0000-00-00', NULL, '1234567mklen', '0000-00-00', '0000-00-00', '', '1', 23, 0, 0, 0, '', 0, 0),
(291, '0', '850', '', 'RAZAIARISOA  ', 'FANJANIRINA', 'F', 6, 2, '0', 'email', 'adresse', '0000-00-00', 0, '0000-00-00', NULL, '1234567mklen', '0000-00-00', '0000-00-00', '', '1', 23, 0, 0, 0, '', 0, 0),
(292, '0', '851', '', 'RAVAOSOLO ', 'S', 'F', 82, 4, '0', 'email', 'adresse', '0000-00-00', 0, '0000-00-00', NULL, '1234567mklen', '0000-00-00', '0000-00-00', '', '1', 23, 0, 0, 0, '', 0, 0),
(293, '0', '853', '', 'ANDRIANAIVOARISOA ', 'VICTOR', 'M', 82, 4, '0', 'email', 'adresse', '0000-00-00', 0, '0000-00-00', NULL, '1234567mklen', '0000-00-00', '0000-00-00', '', '1', 23, 0, 0, 0, '', 0, 0),
(294, '0', '854', '', 'RANJATO ', 'HENINTSOA LALARIVONY HOBIVELO', 'F', 3, 2, '0', 'henintsoa.stomato.bhk@ostie.org', 'adresse', '2009-09-30', 1, '0000-00-00', 'henintsoa.stomato.bhk', '1234567mklen', '0000-00-00', '0000-00-00', '', '1', 23, 0, 0, 0, '', 0, 0),
(295, '0', '856', '', 'RAHERISOA VOLOLONA  ', 'VICTORINE', 'F', 9, 1, '0', 'email', 'adresse', '0000-00-00', 0, '0000-00-00', NULL, '1234567mklen', '0000-00-00', '0000-00-00', '', '1', 23, 0, 0, 0, '', 0, 0),
(296, '0', '857', '', 'RAKOTONJATOVO ', 'JACKOBA', 'M', 18, 2, '0', 'email', 'adresse', '0000-00-00', 0, '0000-00-00', NULL, '1234567mklen', '0000-00-00', '0000-00-00', '', '1', 23, 0, 0, 0, '', 0, 0),
(297, '2_25', '858', '', 'RAFARAMALALA ', 'AURELIE GILBERTE', 'F', 99, 1, '0', 'ostie@ostie.mg', 'adresse							', '2001-10-15', 1, '2013-10-01', 'gilberte', '1234567mklen', '0000-00-00', '0000-00-00', '', '1', 23, 0, 0, 0, '', 0, 0),
(298, '0', '859', '', 'RAVOSSON ', 'OELINIAINA ZO', 'M', 51, 2, '0', 'email', 'adresse', '0000-00-00', 0, '0000-00-00', NULL, '1234567mklen', '0000-00-00', '0000-00-00', '', '1', 23, 0, 0, 0, '', 0, 0),
(299, '0', '860', '', 'RAHELISOA ', 'ARMANDINE FARATIANA', 'F', 65, 5, '0', 'email', 'adresse', '0000-00-00', 0, '0000-00-00', NULL, '1234567mklen', '0000-00-00', '0000-00-00', '', '1', 23, 0, 0, 0, '', 0, 0),
(300, '2_25', '861', '', 'RAZANAJATOVO ', 'ANDRIAMALANDY HARINALA', 'F', 55, 2, '0', 'email', 'adresse', '0000-00-00', 1, '2013-10-18', 'harinala.adh.bhk', '1234567mklen', '0000-00-00', '0000-00-00', '', '1', 23, 0, 0, 0, '', 0, 0),
(301, '2_13', '862', '', 'ANDRIAMBALA ', 'ANNICK HAINGO', 'F', 85, 4, '0', 'haingo@ostie.mg', 'adresse																																																																													', '0000-00-00', 1, '0000-00-00', 'haingo.mg.bhk', '1234567mklen', '0000-00-00', '0000-00-00', '', '1', 34, 0, 0, 0, '', 0, 0),
(302, '2_25', '863', '', 'RAHAMALIARISON ', 'ANDRIAMBELO NIRINA', 'M', 85, 4, '0', 'ostie@ostie.org', 'adresse																																																																																																																																																																																																																																																								', '0000-00-00', 1, '2013-10-17', 'drnirina.mg.grf', '1234567mklen', '0000-00-00', '0000-00-00', '', '1', 34, 0, 0, 0, '', 0, 0),
(303, '2_4', '864', '', 'RABERAOKA ', 'MANGA', 'M', 84, 4, '2226578', 'mdw@ostie.mg', 'adresse							', '2012-04-23', 1, '2013-10-18', 'mangarabe.mdw.bhk', '1234567mklen', '0000-00-00', '0000-00-00', '', '1', 34, 0, 0, 0, '', 0, 0),
(304, '0', '866', '', 'RANDRIANASOLO ', 'LALAINA', 'F', 99, 1, '0', 'email', 'adresse', '0000-00-00', 0, '0000-00-00', NULL, '1234567mklen', '0000-00-00', '0000-00-00', '', '1', 23, 0, 0, 0, '', 0, 0),
(305, '2_36', '867', '', 'RAKOTONIAINA  ', 'RONDRO', 'F', 106, 2, '0', 'email@ostie.net', 'adresse														', '0000-00-00', 1, '0000-00-00', 'rondro.tfm.bhk', '1234567mklen', '0000-00-00', '0000-00-00', '', '1', 36, 0, 0, 0, '', 0, 0),
(306, '41_38', '868', '', 'RAHARIMALALA ', 'CLARISSE AIM', 'F', 65, 5, '0', 'email@gmail.com', 'adresse							', '0000-00-00', 1, '2019-04-05', 'clarisse', '1234567mklen', '2019-02-27', '2019-05-28', 'UTILISATEUR', '1', 34, 0, 0, 0, '', 0, 0),
(307, '0', '869', '', 'RAHETLAH  ', 'RANJAVOLA', 'F', 99, 2, '0', 'email', 'adresse', '0000-00-00', 0, '0000-00-00', NULL, '1234567mklen', '0000-00-00', '0000-00-00', '', '1', 23, 0, 0, 0, '', 0, 0),
(309, '0', '871', '', 'RASOARIVAONIRINA  ', 'SARAH', 'F', 106, 2, '0', 'email', 'adresse', '0000-00-00', 0, '0000-00-00', NULL, '1234567mklen', '0000-00-00', '0000-00-00', '', '1', 23, 0, 0, 0, '', 0, 0),
(310, '0', '872', '', 'RAJAONSON  ', 'VOLOLONIAINA', 'F', 55, 2, '0', 'email', 'adresse', '0000-00-00', 0, '0000-00-00', NULL, '1234567mklen', '0000-00-00', '0000-00-00', '', '1', 23, 0, 0, 0, '', 0, 0),
(311, '2_13', '873', '', 'RANDRIANANTENAINA ', 'GLORIA INNOCENT', 'M', 82, 4, '0', 'glr@ostie.mg', 'adresse																																																																																																																							', '1997-04-21', 1, '0000-00-00', 'gloria.mg.bhk', '1234567mklen', '0000-00-00', '0000-00-00', '', '1', 34, 0, 0, 0, '', 0, 0),
(312, '41_24', '874', '', 'RAJONSON  ', 'TINA WILLIANE', 'F', 51, 2, '0', 'email@.gmail.fr', 'adresse							', '0000-00-00', 1, '2019-03-01', 'tina', '1234567mklen', '2019-02-27', '2019-05-28', 'UTILISATEUR', '1', 34, 0, 0, 0, '', 0, 0),
(313, '0', '875', '', 'NIRINARISATA ', 'DOMOINA PRISCA', 'F', 100, 1, '0', 'email', 'adresse', '0000-00-00', 0, '0000-00-00', NULL, '1234567mklen', '0000-00-00', '0000-00-00', '', '1', 23, 0, 0, 0, '', 0, 0),
(314, '0', '877', '', 'LOVATIANA ', 'NOMENJANAHARY', 'F', 52, 2, '0', 'email', 'adresse', '0000-00-00', 0, '0000-00-00', NULL, '1234567mklen', '0000-00-00', '0000-00-00', '', '1', 23, 0, 0, 0, '', 0, 0),
(315, '0', '878', '', 'RABARISON ', 'ROBERTO LUC DORYS', 'M', 74, 2, '0', 'email', 'adresse', '0000-00-00', 0, '0000-00-00', NULL, '1234567mklen', '0000-00-00', '0000-00-00', '', '1', 23, 0, 0, 0, '', 0, 0),
(316, '0', '880', '', 'ANDRIANOTAHIANA ', 'FANOMEZANTSOA FIDELYS', 'F', 106, 2, '0', 'email', 'adresse', '0000-00-00', 0, '0000-00-00', NULL, '1234567mklen', '0000-00-00', '0000-00-00', '', '1', 23, 0, 0, 0, '', 0, 0),
(317, '0', '881', '', 'RAKOTOARIMANANA ', 'HARISOA EMMA', 'F', 106, 2, '0', 'email', 'adresse', '0000-00-00', 0, '0000-00-00', NULL, '1234567mklen', '0000-00-00', '0000-00-00', '', '1', 23, 0, 0, 0, '', 0, 0),
(318, '0', '882', '', 'RAHARISOA  ', 'SYLVIE', 'F', 73, 2, '0', 'email', 'adresse', '0000-00-00', 0, '0000-00-00', NULL, '1234567mklen', '0000-00-00', '0000-00-00', '', '1', 23, 0, 0, 0, '', 0, 0),
(319, '0', '883', '', 'RAVAONJANAHARY ', 'MARGUERITE MARIE', 'F', 52, 2, '0', 'email', 'adresse', '0000-00-00', 0, '0000-00-00', NULL, '1234567mklen', '0000-00-00', '0000-00-00', '', '1', 23, 0, 0, 0, '', 0, 0),
(320, '41_40', '884', '', 'RAMANANDRAIBE ', 'ROLAND GABRIEL', 'M', 31, 1, '0', 'roland.info.bhk@ostie.org', 'adresse																												', '2009-09-28', 1, '2015-04-13', 'roland.info.bhk', '1234567mklen', '2015-04-13', '2015-05-31', 'UTILISATEUR', '1', 34, 0, 0, 0, '', 0, 0),
(321, '2_25', '885', '', 'RASOLONJATOVO ', 'ANDRIANANTENAINA HERIZO', 'M', 46, 1, '0', 'email', 'adresse', '0000-00-00', 1, '2013-10-17', 'HERIZO.ADH.BHK', '1234567mklen', '0000-00-00', '0000-00-00', '', '1', 23, 0, 0, 0, '', 0, 0),
(322, '0', '886', '', 'RASOLOARIMANANA ', 'ISABELLE', 'f', 98, 5, '0', 'email', 'adresse', '0000-00-00', 0, '0000-00-00', NULL, '1234567mklen', '0000-00-00', '0000-00-00', '', '1', 23, 0, 0, 0, '', 0, 0),
(323, '0', '887', '', 'RAKOTONDRANAIVO ', 'FANOMEZANA', 'M', 18, 2, '0', 'email', 'adresse', '0000-00-00', 0, '0000-00-00', NULL, '1234567mklen', '0000-00-00', '0000-00-00', '', '1', 23, 0, 0, 0, '', 0, 0),
(324, '0', '888', '', 'RAHELIMANANA ', 'LAURETTE ANNA', 'F', 99, 1, '0', 'email', 'adresse', '0000-00-00', 0, '0000-00-00', NULL, '1234567mklen', '0000-00-00', '0000-00-00', '', '1', 23, 0, 0, 0, '', 0, 0),
(325, '0', '889', '', 'ANDRIANARISOA ', 'TIANA', 'M', 35, 4, '0', 'email', 'adresse', '0000-00-00', 0, '0000-00-00', NULL, '1234567mklen', '0000-00-00', '0000-00-00', '', '1', 23, 0, 0, 0, '', 0, 0),
(326, '2_42', '890', '', 'RAVOSON ', 'OLISOA', 'F', 35, 4, '0', 'rv@ostie.mg', 'adresse																																			', '0000-00-00', 1, '0000-00-00', 'ravoson.stomato.bhk', '1234567mklen', '0000-00-00', '0000-00-00', '', '1', 34, 0, 0, 0, '', 0, 0),
(327, '0', '891', '', 'ANDRIAFENOMANANTSOA ', 'RODIN', 'M', 53, 2, '0', 'email', 'adresse', '0000-00-00', 0, '0000-00-00', NULL, '1234567mklen', '0000-00-00', '0000-00-00', '', '1', 23, 0, 0, 0, '', 0, 0),
(328, '0', '892', '', 'ANDRIANIRINA ', 'THIERRY CAROL', 'M', 17, 2, '0', 'email', 'adresse', '0000-00-00', 0, '0000-00-00', NULL, '1234567mklen', '0000-00-00', '0000-00-00', '', '1', 23, 0, 0, 0, '', 0, 0),
(329, '0', '894', '', 'POLLET  ', 'EMMA', 'F', 73, 2, '0', 'email', 'adresse', '0000-00-00', 0, '0000-00-00', NULL, '1234567mklen', '0000-00-00', '0000-00-00', '', '1', 23, 0, 0, 0, '', 0, 0),
(330, '0', '895', '', 'RASOANAIVOARILALA ', 'MBOLATIANA', 'F', 3, 2, '0', 'email', 'adresse', '0000-00-00', 0, '0000-00-00', NULL, '1234567mklen', '0000-00-00', '0000-00-00', '', '1', 23, 0, 0, 0, '', 0, 0),
(331, '0', '897', '', 'RAHERISOHARIMINO ', 'PAULETTE', 'F', 65, 5, '0', 'email', 'adresse', '0000-00-00', 0, '0000-00-00', NULL, '1234567mklen', '0000-00-00', '0000-00-00', '', '1', 23, 0, 0, 0, '', 0, 0),
(332, '0', '899', '', 'RAZANADRAFITO ', 'LALASOA', 'F', 65, 5, '0', 'email', 'adresse', '0000-00-00', 0, '0000-00-00', NULL, '1234567mklen', '0000-00-00', '0000-00-00', '', '1', 23, 0, 0, 0, '', 0, 0),
(333, '0', '901', '', 'MAMY ', 'ZAKA', 'M', 86, 2, '0', 'email', 'adresse', '0000-00-00', 0, '0000-00-00', NULL, '1234567mklen', '0000-00-00', '0000-00-00', '', '1', 23, 0, 0, 0, '', 0, 0),
(334, '0', '902', '', 'RAKOTOVAO ', 'SAHONDRA', 'F', 95, 2, '0', 'email', 'adresse', '0000-00-00', 0, '0000-00-00', NULL, '1234567mklen', '0000-00-00', '0000-00-00', '', '1', 23, 0, 0, 0, '', 0, 0),
(335, '0', '903', '', 'RABEMANANTSOA ', 'ISIDORE', 'M', 17, 2, '0', 'email', 'adresse', '0000-00-00', 0, '0000-00-00', NULL, '1234567mklen', '0000-00-00', '0000-00-00', '', '1', 23, 0, 0, 0, '', 0, 0),
(336, '0', '904', '', 'RANAIVOSOLO ', 'ANGELICA HARISOA', 'F', 106, 2, '0', 'email', 'adresse', '0000-00-00', 0, '0000-00-00', NULL, '1234567mklen', '0000-00-00', '0000-00-00', '', '1', 23, 0, 0, 0, '', 0, 0),
(337, '2_13', '905', '', 'RATEFIARIBENJA ', 'BODOFANJA', 'F', 85, 4, '0', 'bodo@ostie.org', 'adresse																																																																																																																																																																															', '0000-00-00', 1, '0000-00-00', 'bodof.mg.bhk', '1234567mklen', '0000-00-00', '0000-00-00', '', '1', 36, 0, 0, 0, '', 0, 0),
(338, '0', '907', '', 'RAZAFINDRAKOTO ', 'ANNICK', 'F', 52, 2, '0', 'email', 'adresse', '0000-00-00', 0, '0000-00-00', NULL, '1234567mklen', '0000-00-00', '0000-00-00', '', '1', 23, 0, 0, 0, '', 0, 0),
(339, '82_34', '908', '', 'RABENDRAINY ', 'ANJARAHANITRINIAINA', 'F', 65, 5, '0', 'email@ostie.mg', 'adresse							', '0000-00-00', 1, '2022-12-20', 'anjara', '1234567mklen', '2022-12-20', '2023-02-21', 'UTILISATEUR', '1', 34, 0, 0, 0, '', 0, 0),
(340, '2_25', '909', '', 'ANDRIAMANGANAVALONJAKA', 'MIRANA HARINAINA', 'F', 36, 1, '0', 'ostie@ostie.mg', 'adresse							', '2003-09-18', 1, '2013-10-17', 'harinaina', '1234567mklen', '0000-00-00', '0000-00-00', '', '1', 34, 0, 0, 0, '', 0, 0),
(341, '0', '910', '', 'ANDRIAMIJERY ', 'MIALY', 'F', 10, 1, '0', 'email', 'adresse', '0000-00-00', 0, '0000-00-00', NULL, '1234567mklen', '0000-00-00', '0000-00-00', '', '1', 23, 0, 0, 0, '', 0, 0),
(342, '0', '911', '', 'RAKOTOMALALA ', 'LANTO ARIVELO', 'F', 14, 1, '0', 'email', 'adresse', '0000-00-00', 0, '0000-00-00', NULL, '1234567mklen', '0000-00-00', '0000-00-00', '', '1', 23, 0, 0, 0, '', 0, 0),
(343, '2_13', '912', '', 'RAZANAMARY ', 'NIRI-VOLA BARISON', 'F', 85, 4, '0', 'email@uu.com', 'adresse														', '0000-00-00', 0, '0000-00-00', NULL, '1234567mklen', '0000-00-00', '0000-00-00', '', '1', 23, 0, 0, 0, '', 0, 0),
(344, '0', '913', '', 'RATEFIARIVELO ', 'MBAHINIARISON', 'M', 84, 4, '0', 'email', 'adresse', '0000-00-00', 0, '0000-00-00', NULL, '1234567mklen', '0000-00-00', '0000-00-00', '', '1', 23, 0, 0, 0, '', 0, 0),
(345, '0', '914', '', 'RAZAFINDRAMANANA ', 'CLAUDETTE ALINE', 'F', 64, 5, '0', 'email', 'adresse', '0000-00-00', 0, '0000-00-00', NULL, '1234567mklen', '0000-00-00', '0000-00-00', '', '1', 23, 0, 0, 0, '', 0, 0),
(346, '0', '915', '', 'RAHARINIRINA ', 'EMMA ANGELINE', 'F', 65, 5, '0', 'email', 'adresse', '0000-00-00', 0, '0000-00-00', NULL, '1234567mklen', '0000-00-00', '0000-00-00', '', '1', 23, 0, 0, 0, '', 0, 0),
(347, '0', '916', '', 'RAKOTOHERISAONA ', 'R', 'M', 4, 2, '0', 'email', 'adresse', '0000-00-00', 0, '0000-00-00', NULL, '1234567mklen', '0000-00-00', '0000-00-00', '', '1', 23, 0, 0, 0, '', 0, 0),
(348, '0', '917', '', 'RAHARINIAINA ', 'VOLASOA', 'F', 52, 2, '0', 'email', 'adresse', '0000-00-00', 0, '0000-00-00', NULL, '1234567mklen', '0000-00-00', '0000-00-00', '', '1', 23, 0, 0, 0, '', 0, 0),
(349, '2_13', '918', '', 'RABODONAVALONA ', 'HAROSOA', 'F', 85, 4, '0', 'harosoa.mg.bhk@ostie.org', 'adresse														', '2009-09-28', 0, '0000-00-00', 'harosoa.mg.bhk', '1234567mklen', '0000-00-00', '0000-00-00', '', '1', 23, 0, 0, 0, '', 0, 0),
(350, '0', '919', '', 'RASOLOARIVALONA ', 'FANJANIRINA', 'M', 84, 4, '0', 'email', 'adresse', '0000-00-00', 0, '0000-00-00', NULL, '1234567mklen', '0000-00-00', '0000-00-00', '', '1', 23, 0, 0, 0, '', 0, 0),
(351, '0', '920', '', 'RASOARIMANANA ', 'MARIE SABINE', 'F', 52, 2, '0', 'email', 'adresse', '0000-00-00', 0, '0000-00-00', NULL, '1234567mklen', '0000-00-00', '0000-00-00', '', '1', 23, 0, 0, 0, '', 0, 0),
(352, '0', '921', '', 'RAVELOSON ', 'NAINA RODIN', 'M', 71, 5, '0', 'email', 'adresse', '0000-00-00', 0, '0000-00-00', NULL, '1234567mklen', '0000-00-00', '0000-00-00', '', '1', 23, 0, 0, 0, '', 0, 0),
(353, '0', '923', '', 'RAHAINGONIRINA ', 'LUCIENNE MARIE', 'F', 65, 5, '0', 'email', 'adresse', '0000-00-00', 0, '0000-00-00', NULL, '1234567mklen', '0000-00-00', '0000-00-00', '', '1', 23, 0, 0, 0, '', 0, 0),
(355, '0', '925', '', 'RAELISOA ', 'ODETTE', 'F', 65, 5, '0', 'email', 'adresse', '0000-00-00', 0, '0000-00-00', NULL, '1234567mklen', '0000-00-00', '0000-00-00', '', '1', 23, 0, 0, 0, '', 0, 0),
(356, '2_13', '926', '', 'MANGANINDRINA ', 'MANANTSOA SAMOELINE MARIE EDWIGE', 'F', 85, 4, '0', 'manantsoa@ostie.mg', 'adresse																												', '2002-04-01', 1, '0000-00-00', 'manantsoa.mg.bhk', '1234567mklen', '0000-00-00', '0000-00-00', '', '1', 34, 0, 0, 0, '', 0, 0),
(357, '0', '927', '', 'RANDRIANASOLO ', 'HERIMALALANIRINA ANGELO', 'M', 37, 2, '0', 'email', 'adresse', '0000-00-00', 0, '0000-00-00', NULL, '1234567mklen', '0000-00-00', '0000-00-00', '', '1', 23, 0, 0, 0, '', 0, 0),
(358, '0', '928', '', 'RAKOTOARISOA RAZAFIARISOA ', 'VOAHANGY', 'F', 95, 2, '0', 'email', 'adresse', '0000-00-00', 0, '0000-00-00', NULL, '1234567mklen', '0000-00-00', '0000-00-00', '', '1', 23, 0, 0, 0, '', 0, 0),
(359, '0', '929', '', 'RAHOLIARIVELO ', 'HANTALALAO', 'F', 52, 2, '0', 'email', 'adresse', '0000-00-00', 0, '0000-00-00', NULL, '1234567mklen', '0000-00-00', '0000-00-00', '', '1', 23, 0, 0, 0, '', 0, 0),
(360, '0', '930', '', 'RAKOTOARIVONY ', 'ANDRIAMPARANY DANIEL', 'M', 53, 2, '0', 'email', 'adresse', '0000-00-00', 0, '0000-00-00', NULL, '1234567mklen', '0000-00-00', '0000-00-00', '', '1', 23, 0, 0, 0, '', 0, 0),
(361, '2_37', '931', '', 'RAHARIMALALA ', 'HOLIARISOA', 'F', 6, 2, '432', 'holi.soin.bhk@ostie.org', 'adresse', '2009-09-30', 1, '0000-00-00', 'holi.soin.bhk', '1234567mklen', '0000-00-00', '0000-00-00', '', '1', 23, 0, 0, 0, '', 0, 0),
(362, '0', '932', '', 'RAKOTONDRAMANITRA ', 'GINETTE VIRGINIA', 'F', 52, 2, '0', 'email', 'adresse', '0000-00-00', 0, '0000-00-00', NULL, '1234567mklen', '0000-00-00', '0000-00-00', '', '1', 23, 0, 0, 0, '', 0, 0),
(363, '0', '933', '', 'ARIJAONA ', 'ONJANIAINA', 'F', 50, 1, '0', 'email', 'adresse', '0000-00-00', 0, '0000-00-00', NULL, '1234567mklen', '0000-00-00', '0000-00-00', '', '1', 23, 0, 0, 0, '', 0, 0),
(364, '0', '934', '', 'RAKOTONIAINA ', 'LANTOSOA JUDITH', 'F', 44, 2, '0', 'email', 'adresse', '0000-00-00', 0, '0000-00-00', NULL, '1234567mklen', '0000-00-00', '0000-00-00', '', '1', 23, 0, 0, 0, '', 0, 0),
(365, '0', '935', '', 'RAZAFIMAHEFA ', 'SEHENOARISOA L', 'F', 44, 2, '0', 'email', 'adresse', '0000-00-00', 0, '0000-00-00', NULL, '1234567mklen', '0000-00-00', '0000-00-00', '', '1', 23, 0, 0, 0, '', 0, 0),
(366, '0', '936', '', 'RAHAJARISON ', 'RIVO ANDO RAZAFY', 'M', 9, 1, '0', 'email', 'adresse', '0000-00-00', 0, '0000-00-00', NULL, '1234567mklen', '0000-00-00', '0000-00-00', '', '1', 23, 0, 0, 0, '', 0, 0),
(367, '0', '937', '', 'RANDRIAMAMONJY ', 'FANJANIRIANA', 'F', 44, 2, '0', 'email', 'adresse', '0000-00-00', 0, '0000-00-00', NULL, '1234567mklen', '0000-00-00', '0000-00-00', '', '1', 23, 0, 0, 0, '', 0, 0),
(368, '0', '938', '', 'RAVALISON ', 'FENOTSITONTA MARCEL AIM', 'M', 81, 4, '0', 'email', 'adresse', '0000-00-00', 0, '0000-00-00', NULL, '1234567mklen', '0000-00-00', '0000-00-00', '', '1', 23, 0, 0, 0, '', 0, 0),
(369, '41_30', '939', '', 'RABENAIVO ', 'BAKOLY LUCIE', 'F', 3, 2, '0', 'ostie@ostie.mg', 'adresse														', '2012-11-12', 1, '2015-02-20', 'bakoly.sto.mkl', '1234567mklen', '2015-03-06', '2015-05-31', 'UTILISATEUR', '1', 34, 0, 0, 0, '', 0, 0),
(370, '2_34', '941', '', 'RASOLOFOJAONA ', 'ALAIN JOSE', 'M', 95, 2, '433', 'alain.ddm.bhk@ostie.org', 'adresse							', '2009-09-29', 1, '0000-00-00', 'alain.ddm.bhk', '1234567mklen', '0000-00-00', '0000-00-00', '', '1', 34, 0, 0, 0, '', 0, 0),
(371, '0', '942', '', 'RAKOTOARISON ', 'JEAN', 'M', 106, 2, '0', 'email', 'adresse', '0000-00-00', 0, '0000-00-00', NULL, '1234567mklen', '0000-00-00', '0000-00-00', '', '1', 23, 0, 0, 0, '', 0, 0),
(372, '0', '944', '', 'RAZAFINDRAKOTO ', 'HERY LUCIEN', 'M', 54, 2, '0', 'email', 'adresse', '0000-00-00', 0, '0000-00-00', NULL, '1234567mklen', '0000-00-00', '0000-00-00', '', '1', 23, 0, 0, 0, '', 0, 0),
(373, '0', '945', '', 'RAZAKAMANIRAKA ', 'FANJASOA', 'F', 44, 2, '0', 'email', 'adresse', '0000-00-00', 0, '0000-00-00', NULL, '1234567mklen', '0000-00-00', '0000-00-00', '', '1', 23, 0, 0, 0, '', 0, 0),
(374, '2_13', '946', '', 'RAHARIMINO ', 'RONDRONIAINA NICOLE', 'F', 85, 4, '0', 'nicole@ostie.mg', 'adresse														', '0000-00-00', 0, '0000-00-00', 'nicole.mg.bhk', '1234567mklen', '0000-00-00', '0000-00-00', '', '1', 36, 0, 0, 0, '', 0, 0),
(375, '0', '947', '', 'RANDRIANARISON ', 'MAHENINA JAONATANA', 'M', 58, 5, '0', 'email', 'adresse', '0000-00-00', 0, '0000-00-00', NULL, '1234567mklen', '0000-00-00', '0000-00-00', '', '1', 23, 0, 0, 0, '', 0, 0),
(376, '2_35', '948', '', 'RAHARISOLO ', 'JINA', 'F', 106, 2, '0', 'email@ostie.net', 'adresse																					', '0000-00-00', 1, '0000-00-00', 'jina.tfm.bhk', '1234567mklen', '0000-00-00', '0000-00-00', '', '1', 35, 0, 0, 0, '', 0, 0),
(377, '0', '949', '', 'RAVAOSOLO ', 'MARIE ZO', 'F', 6, 2, '0', 'email', 'adresse', '0000-00-00', 0, '0000-00-00', NULL, '1234567mklen', '0000-00-00', '0000-00-00', '', '1', 23, 0, 0, 0, '', 0, 0),
(378, '0', '950', '', 'RABELAHATRA FANOMEZANTSOA ', 'PATRICK', 'M', 53, 2, '0', 'email', 'adresse', '0000-00-00', 0, '0000-00-00', NULL, '1234567mklen', '0000-00-00', '0000-00-00', '', '1', 23, 0, 0, 0, '', 0, 0),
(379, '0', '951', '', 'RAKOTONIRINA ', 'JOSEPH', 'M', 17, 2, '0', 'email', 'adresse', '0000-00-00', 0, '0000-00-00', NULL, '1234567mklen', '0000-00-00', '0000-00-00', '', '1', 23, 0, 0, 0, '', 0, 0),
(380, '0', '952', '', 'ZAFIMAHASARY ', 'JONARSON', 'M', 71, 5, '0', 'email', 'adresse', '0000-00-00', 0, '0000-00-00', NULL, '1234567mklen', '0000-00-00', '0000-00-00', '', '1', 23, 0, 0, 0, '', 0, 0),
(381, '0', '953', '', 'RAFANOMEZANTSOA ', 'JOSEPH', 'M', 53, 2, '0', 'email', 'adresse', '0000-00-00', 0, '0000-00-00', NULL, '1234567mklen', '0000-00-00', '0000-00-00', '', '1', 23, 0, 0, 0, '', 0, 0),
(382, '0', '955', '', 'RAKOTOARIVELO ', 'RIVO ANDRINIRINA', 'M', 5, 2, '0', 'email', 'adresse', '0000-00-00', 0, '0000-00-00', NULL, '1234567mklen', '0000-00-00', '0000-00-00', '', '1', 23, 0, 0, 0, '', 0, 0),
(383, '0', '956', '', 'RAZAFINDRAKOTO ', 'JEAN PIERRE', 'M', 70, 2, '0', 'email', 'adresse', '0000-00-00', 0, '0000-00-00', NULL, '1234567mklen', '0000-00-00', '0000-00-00', '', '1', 23, 0, 0, 0, '', 0, 0),
(384, '0', '957', '', 'RANDRIAMBOLO ', 'NORO MARIE AUGUSTINE', 'F', 65, 5, '0', 'email', 'adresse', '0000-00-00', 0, '0000-00-00', NULL, '1234567mklen', '0000-00-00', '0000-00-00', '', '1', 23, 0, 0, 0, '', 0, 0),
(385, '0', '958', '', 'RANDRIANASOLO ', 'JEAN HAJA NIRINA', 'M', 5, 2, '0', 'email', 'adresse', '0000-00-00', 0, '0000-00-00', NULL, '1234567mklen', '0000-00-00', '0000-00-00', '', '1', 23, 0, 0, 0, '', 0, 0),
(386, '0', '959', '', 'ANDRIANASOLO ', 'ALPHONSE C. GERMAIN', 'M', 76, 2, '0', 'email', 'adresse', '0000-00-00', 0, '0000-00-00', NULL, '1234567mklen', '0000-00-00', '0000-00-00', '', '1', 23, 0, 0, 0, '', 0, 0),
(387, '2_38', '960', '', 'RABETSARA ANDRIAMIADANIRINA ', 'NYZAH', 'F', 97, 5, '0', 'email', 'adresse', '0000-00-00', 0, '0000-00-00', 'NYZAH.SGF.BHK', '1234567mklen', '0000-00-00', '0000-00-00', '', '1', 23, 0, 0, 0, '', 0, 0),
(388, '0', '961', '', 'RABESON ', 'TIANANIONINTSOANIRINA', 'F', 85, 4, '0', 'email', 'adresse', '0000-00-00', 0, '0000-00-00', NULL, '1234567mklen', '0000-00-00', '0000-00-00', '', '1', 23, 0, 0, 0, '', 0, 0),
(389, '0', '962', '', 'RANAIVO ', 'ANTH', 'M', 85, 4, '0', 'email', 'adresse', '0000-00-00', 0, '0000-00-00', NULL, '1234567mklen', '0000-00-00', '0000-00-00', '', '1', 23, 0, 0, 0, '', 0, 0),
(390, '0', '963', '', 'RAHELIARIMALALA ', 'CLAUDIA', 'F', 52, 2, '0', 'email', 'adresse', '0000-00-00', 0, '0000-00-00', NULL, '1234567mklen', '0000-00-00', '0000-00-00', '', '1', 23, 0, 0, 0, '', 0, 0),
(391, '2_13', '964', '', 'RABEMANANJARA-AINA ', 'HANDIMBY A.', 'M', 82, 4, '0', 'aina@ostie.mg', 'adresse																																										', '0000-00-00', 1, '0000-00-00', 'aina.mg.bhk', '1234567mklen', '0000-00-00', '0000-00-00', '', '1', 35, 0, 0, 0, '', 0, 0),
(392, '0', '965', '', 'RAKOTONDRAMANANA ', 'ELIE PATRICK', 'M', 53, 2, '0', 'email', 'adresse', '0000-00-00', 0, '0000-00-00', NULL, '1234567mklen', '0000-00-00', '0000-00-00', '', '1', 23, 0, 0, 0, '', 0, 0),
(393, '0', '967', '', 'RABENINDRINA ', 'NOROMALALA ANG', 'F', 107, 2, '0', 'email', 'adresse', '0000-00-00', 0, '0000-00-00', NULL, '1234567mklen', '0000-00-00', '0000-00-00', '', '1', 23, 0, 0, 0, '', 0, 0),
(394, '0', '969', '', 'RAZAKARIASY ', 'JO', 'M', 7, 1, '0', 'email', 'adresse', '0000-00-00', 0, '0000-00-00', NULL, '1234567mklen', '0000-00-00', '0000-00-00', '', '1', 23, 0, 0, 0, '', 0, 0),
(395, '0', '970', '', 'RATSIMBA ANDRIANTSIFERANA ', 'MIADANA', 'F', 99, 1, '0', 'email', 'adresse', '0000-00-00', 0, '0000-00-00', NULL, '1234567mklen', '0000-00-00', '0000-00-00', '', '1', 23, 0, 0, 0, '', 0, 0),
(396, '0', '971', '', 'RASOLOARISON ', 'JEAN MICHEL', 'M', 5, 2, '0', 'email', 'adresse', '0000-00-00', 0, '0000-00-00', 'michel.soin.bhk', '1234567mklen', '0000-00-00', '0000-00-00', '', '1', 23, 0, 0, 0, '', 0, 0),
(397, '0', '972', '', 'TSIMIAMBOHOLAHY ', 'RANAIVO FARA VAKANA', 'F', 92, 1, '0', 'email', 'adresse', '0000-00-00', 0, '0000-00-00', NULL, '1234567mklen', '0000-00-00', '0000-00-00', '', '1', 23, 0, 0, 0, '', 0, 0),
(398, '2_41', '973', '', 'BEBEARIVELO ', 'DUHAMEL', 'M', 106, 2, '2226578', 'sinfo@ostie.mg', 'adresse							', '2012-03-23', 1, '0000-00-00', 'dum.info.bhk', '1234567mklen', '0000-00-00', '0000-00-00', '', '1', 23, 0, 0, 0, '', 0, 0),
(399, '0', '974', '', 'ANDRIAMANOARISOA ', 'OELINARIVO FELANA', 'F', 14, 1, '0', 'email', 'adresse', '0000-00-00', 0, '0000-00-00', NULL, '1234567mklen', '0000-00-00', '0000-00-00', '', '1', 23, 0, 0, 0, '', 0, 0),
(400, '0', '975', '', 'ANDRIANARISOA ', 'BAKOELITSOA MARIA', 'F', 97, 5, '0', 'email', 'adresse', '0000-00-00', 0, '0000-00-00', NULL, '1234567mklen', '0000-00-00', '0000-00-00', '', '1', 23, 0, 0, 0, '', 0, 0),
(401, '0', '976', '', 'RATIANARIVO ', 'RALPH PROSPER', 'M', 38, 2, '0', 'email', 'adresse', '0000-00-00', 0, '0000-00-00', NULL, '1234567mklen', '0000-00-00', '0000-00-00', '', '1', 23, 0, 0, 0, '', 0, 0),
(402, '0', '977', '', 'ANDRIANASOLO ', 'MAMY ALPHONSE JOCELYN', 'M', 54, 2, '0', 'email', 'adresse', '0000-00-00', 0, '0000-00-00', NULL, '1234567mklen', '0000-00-00', '0000-00-00', '', '1', 23, 0, 0, 0, '', 0, 0),
(403, '0', '978', '', 'RATAMINJANAHARY ', 'D', 'M', 54, 2, '0', 'email', 'adresse', '0000-00-00', 0, '0000-00-00', NULL, '1234567mklen', '0000-00-00', '0000-00-00', '', '1', 23, 0, 0, 0, '', 0, 0),
(404, '0', '979', '', 'RAVOLOLONIRINA ', 'JENNY JOS', 'F', 44, 2, '0', 'email', 'adresse', '0000-00-00', 0, '0000-00-00', NULL, '1234567mklen', '0000-00-00', '0000-00-00', '', '1', 23, 0, 0, 0, '', 0, 0),
(405, '0', '980', '', 'RAHARINIAINA ', 'MAMPIONONA', 'F', 49, 1, '0', 'email', 'adresse', '0000-00-00', 0, '0000-00-00', NULL, '1234567mklen', '0000-00-00', '0000-00-00', '', '1', 23, 0, 0, 0, '', 0, 0),
(406, '0', '981', '', 'RAOBIJAONA ', 'ANDRINIAINA LAZATIANA', 'M ', 56, 5, '0', 'email', 'adresse', '0000-00-00', 0, '0000-00-00', NULL, '1234567mklen', '0000-00-00', '0000-00-00', '', '1', 23, 0, 0, 0, '', 0, 0),
(407, '0', '982', '', 'RAZANADRASOA ', 'PAULE JUDICA', 'F', 98, 5, '0', 'email', 'adresse', '0000-00-00', 0, '0000-00-00', NULL, '1234567mklen', '0000-00-00', '0000-00-00', '', '1', 23, 0, 0, 0, '', 0, 0),
(408, '0', '983', '', 'RAHOLIARISOA ', 'MARIE C', 'F', 63, 5, '0', 'email', 'adresse', '0000-00-00', 0, '0000-00-00', NULL, '1234567mklen', '0000-00-00', '0000-00-00', '', '1', 23, 0, 0, 0, '', 0, 0),
(409, '0', '984', '', 'RAZAFIMANANTSOA ', 'ABEL AIM', 'M', 86, 2, '0', 'email', 'adresse', '0000-00-00', 0, '0000-00-00', NULL, '1234567mklen', '0000-00-00', '0000-00-00', '', '1', 23, 0, 0, 0, '', 0, 0),
(410, '0', '985', '', 'RAKOTONDRASOA ', 'ONJANIAINA YVES', 'M', 86, 2, '0', 'email', 'adresse', '0000-00-00', 0, '0000-00-00', NULL, '1234567mklen', '0000-00-00', '0000-00-00', '', '1', 23, 0, 0, 0, '', 0, 0),
(411, '0', '986', '', 'RANDRIANASOLO ', 'FANJA NOROSOA', 'F', 85, 4, '0', 'email', 'adresse', '0000-00-00', 0, '0000-00-00', NULL, '1234567mklen', '0000-00-00', '0000-00-00', '', '1', 23, 0, 0, 0, '', 0, 0),
(412, '0', '988', '', 'RAMANANTSOA ', 'HARIMALALA NIRINA', 'F', 97, 5, '0', 'email', 'adresse', '0000-00-00', 0, '0000-00-00', NULL, '1234567mklen', '0000-00-00', '0000-00-00', '', '1', 23, 0, 0, 0, '', 0, 0),
(413, '0', '989', '', 'RASOLOFOARINDRIAKA ', 'IR', 'F', 104, 2, '0', 'email', 'adresse', '0000-00-00', 0, '0000-00-00', NULL, '1234567mklen', '0000-00-00', '0000-00-00', '', '1', 23, 0, 0, 0, '', 0, 0),
(414, '41_34', '990', '', 'RATSIMANDRESY ', 'MAMINIRINA', 'F', 44, 2, '0', 'email@.gmail.fr', 'adresse							', '0000-00-00', 1, '2015-06-16', 'mamie.mkl', '1234567mklen', '2015-06-01', '2015-08-30', 'UTILISATEUR', '1', 34, 0, 0, 0, '', 0, 0),
(415, '2_41', '991', '', 'RATOLOJANAHARY ', 'NASOLONIAINA ST', 'M', 105, 1, '0', 'mai@ostie.org', 'adresse														', '0000-00-00', 1, '2013-07-15', 'stephane.inf.bhk', '1234567mklen', '0000-00-00', '0000-00-00', '', '1', 23, 0, 0, 0, '', 0, 0),
(416, '0', '992', '', 'RAZAIARISOA ', 'ELISE FLORENCE', 'F', 44, 2, '0', 'email', 'adresse', '0000-00-00', 0, '0000-00-00', NULL, '1234567mklen', '0000-00-00', '0000-00-00', '', '1', 23, 0, 0, 0, '', 0, 0),
(417, '0', '993', '', 'RAKOTOARISON ', 'MARCEL ROJONIAINA', 'M', 44, 2, '0', 'email', 'adresse', '0000-00-00', 0, '0000-00-00', NULL, '1234567mklen', '0000-00-00', '0000-00-00', '', '1', 23, 0, 0, 0, '', 0, 0),
(418, '0', '994', '', 'RANAIVOZAFY ', 'BAKOMALALA TIANA LALAO', 'F', 3, 2, '0', 'email', 'adresse', '0000-00-00', 0, '0000-00-00', NULL, '1234567mklen', '0000-00-00', '0000-00-00', '', '1', 23, 0, 0, 0, '', 0, 0),
(419, '0', '996', '', 'ANDRIANASOLO ', 'LALA HERILANTO FANJANIAINA', 'F', 51, 2, '0', 'email', 'adresse', '0000-00-00', 0, '0000-00-00', NULL, '1234567mklen', '0000-00-00', '0000-00-00', '', '1', 23, 0, 0, 0, '', 0, 0),
(420, '41_24', '997', '', 'RANDRIANIAINA ', 'HARILANTO ZOE', 'F', 89, 1, '0', 'zoe.info.bhk@ostie.org', 'adresse																					', '0000-00-00', 1, '2018-07-23', 'zoe', '1234567mklen', '2018-07-23', '2018-08-28', 'UTILISATEUR', '1', 23, 0, 0, 0, '', 0, 0),
(421, '2_25', '999', '', 'RAVELOJAONA ', 'J', 'M', 51, 2, '0', 'email', 'adresse', '0000-00-00', 1, '2013-10-18', 'tolotra.adh.bhk', '1234567mklen', '0000-00-00', '0000-00-00', '', '1', 23, 0, 0, 0, '', 0, 0),
(422, '2_35', '1000', '', 'RANDRIAMIARISOA ', 'HARINJANAHARY MANDANIRINA', 'F', 106, 2, '0', 'email@yahoo.fr', 'adresse																			', '0000-00-00', 1, '0000-00-00', 'HERINAVALONA RINAH', '1234567mklen', '0000-00-00', '0000-00-00', '', '1', 23, 0, 0, 0, '', 0, 0),
(423, '6_25', '1002', '', 'RAVELOARIMANANA ', 'RIVOLALA', 'F', 73, 2, '0', '1@1.com', 'adresse', '0000-00-00', 0, '0000-00-00', 'z', '1234567mklen', '0000-00-00', '0000-00-00', '', '1', 23, 0, 0, 0, '', 0, 0),
(424, '6_8', '1003', '', 'RAHARISON ', 'ZURANOVSKI LALAO', 'F', 95, 2, '0', '1@1.com', 'adresse												', '0000-00-00', 0, '0000-00-00', 'ZU', '1234567mklen', '0000-00-00', '0000-00-00', '', '1', 23, 0, 0, 0, '', 0, 0),
(425, '6_26', '1004', '', 'RABODONIRINA ', 'GEORGETTE', 'F', 73, 2, '0', '1@1.com', 'adresse						', '0000-00-00', 0, '0000-00-00', 'h', '1234567mklen', '0000-00-00', '0000-00-00', '', '1', 23, 0, 0, 0, '', 0, 0),
(427, '6_23', '1006', '', 'RAVOAVIARIVELO ', 'ARILIVAH ZAZAH', 'F', 44, 2, '0', '1@1.com', 'adresse						', '0000-00-00', 0, '0000-00-00', 'PHARMACIE', '1234567mklen', '0000-00-00', '0000-00-00', '', '1', 23, 0, 0, 0, '', 0, 0),
(428, '6_10', '1007', '', 'RAZAFIMANANTSOA ', 'HOBISOA JOSEPH', 'M', 87, 2, '0', '1@1.com', 'adresse', '0000-00-00', 1, '0000-00-00', 'l', '1234567mklen', '0000-00-00', '0000-00-00', '', '1', 23, 0, 0, 0, '', 0, 0),
(429, '6_12', '1008', '', 'RASOLONJATOVO ', 'JASIELAH HERV', 'M', 25, 1, '0', '1@1.com', 'adresse', '0000-00-00', 1, '0000-00-00', 'e', '1234567mklen', '0000-00-00', '0000-00-00', '', '1', 23, 0, 0, 0, '', 0, 0),
(430, '6_11', '1009', '', 'RANDRIAMIALISOA ', 'MIHARY LALAINA', 'M', 46, 1, '0', '1@1.com', 'adresse', '0000-00-00', 1, '0000-00-00', 'r', '1234567mklen', '0000-00-00', '0000-00-00', '', '1', 23, 0, 0, 0, '', 0, 0),
(431, '6_13', '1010', '', 'RAFITOSON', 'TSIRY HARINAJA', 'M', 9, 1, '0', '1@1.com', 'adresse', '0000-00-00', 1, '0000-00-00', 'Mg', '1234567mklen', '0000-00-00', '0000-00-00', '', '1', 23, 0, 0, 0, '', 0, 0),
(432, '6_4', '1011', '', 'RATOVONIAINA ', 'ROLAND', 'M', 86, 2, '0', '1@1.com', 'adresse', '0000-00-00', 1, '0000-00-00', 'Mw', '1234567mklen', '0000-00-00', '0000-00-00', '', '1', 23, 0, 0, 0, '', 0, 0),
(433, '6_14', '1012', '', 'ANDRIANANTENAINA LAKASY ', 'CHRISTIAN A.', 'M', 54, 2, '0', '1@1.com', 'adresse', '0000-00-00', 1, '0000-00-00', 'so', '1234567mklen', '0000-00-00', '0000-00-00', '', '1', 23, 0, 0, 0, '', 0, 0),
(434, '6_28', '1013', '', 'RANDRIAMANANA ', 'MARCEL', 'M', 54, 2, '0', '1@1.com', 'adresse						', '0000-00-00', 0, '0000-00-00', 'me', '1234567mklen', '0000-00-00', '0000-00-00', '', '1', 23, 0, 0, 0, '', 0, 0),
(435, '6_30', '1014', '', 'RAJAONARIVELO ', 'MAMY HARINOA', 'M', 54, 2, '0', '1@1.com', 'adresse', '0000-00-00', 1, '0000-00-00', 'st', '1234567mklen', '0000-00-00', '0000-00-00', '', '1', 23, 0, 0, 0, '', 0, 0),
(437, '6_20', '1016', '', 'RAFITOSON ', 'HARINIRINA', 'F', 73, 2, '0', '1@1.com', 'adresse', '0000-00-00', 1, '0000-00-00', 'p', '1234567mklen', '0000-00-00', '0000-00-00', '', '1', 23, 0, 0, 0, '', 0, 0),
(438, '6_22', '1017', '', 'RANDRIANOMANANA ', 'GEORGES', 'M', 17, 2, '0', '1@1.com', 'adresse', '0000-00-00', 1, '0000-00-00', 'g', '1234567mklen', '0000-00-00', '0000-00-00', '', '1', 23, 0, 0, 0, '', 0, 0),
(439, '6_19', '1018', '', 'HAJA-NANDRASANA ', 'ROJO VOLASEDRA B', 'F', 98, 5, '0', '1@1.com', 'adresse', '0000-00-00', 1, '0000-00-00', 'n', '1234567mklen', '0000-00-00', '0000-00-00', '', '1', 23, 0, 0, 0, '', 0, 0),
(440, '2_13', '1019', '', 'RATSIMBAZAFY ', 'RATIARIVELO HANTATIANA', 'F', 85, 4, '0', '1@1.com', 'adresse														', '0000-00-00', 0, '0000-00-00', 'hantatiana.mg.bhk', '1234567mklen', '0000-00-00', '0000-00-00', '', '1', 35, 0, 0, 0, '', 0, 0),
(441, '6_8', '1020', '', 'RABETOKOTANY ', 'BAKO L', 'F', 52, 2, '0', '1@1.com', 'adresse', '0000-00-00', 1, '0000-00-00', 'op', '1234567mklen', '0000-00-00', '0000-00-00', '', '1', 23, 0, 0, 0, '', 0, 0),
(442, '6_18', '1021', '', 'RAMINO-MIARINTSOA ', 'VOAHIRANA', 'F', 73, 2, '0', '1@1.com', 'adresse', '0000-00-00', 1, '0000-00-00', 'ORL', '1234567mklen', '0000-00-00', '0000-00-00', '', '1', 23, 0, 0, 0, '', 0, 0),
(443, '6_17', '1022', '', 'ANDRIANARISON ', 'SOAFARA', 'F', 106, 2, '0', '1@1.com', 'adresse', '0000-00-00', 1, '0000-00-00', 'sf', '1234567mklen', '0000-00-00', '0000-00-00', '', '1', 23, 0, 0, 0, '', 0, 0),
(444, '6_21', '1023', '', 'RABEMANANJARA ', 'HANITRINIALA', 'F', 90, 1, '0', '1@1.com', 'adresse', '0000-00-00', 1, '0000-00-00', 'vs', '1234567mklen', '0000-00-00', '0000-00-00', '', '1', 23, 0, 0, 0, '', 0, 0),
(445, '82_13', '1024', '', 'ANDRIANTSIFERANA ', 'ROSSINI', 'M', 85, 32, '0', 'rossini@ostie.org', 'adresse																																									', '2022-08-11', 1, '2022-08-15', 'rossini', '1234567mklen', '2022-08-15', '2022-08-23', 'UTILISATEUR', '1', 34, 0, 1, 0, '', 0, 0),
(446, '2_43', '1025', '', 'RAKOTOZANDRINY ', 'SITRAKINIAINA MAMY TAHIRY', 'M', 53, 2, '0', 'email@email.com', 'adresse																									', '0000-00-00', 1, '0000-00-00', 'RESERVE', '1234567mklen', '0000-00-00', '0000-00-00', '', '1', 23, 0, 0, 0, '', 0, 0),
(447, '2_25', '1026', '', 'RANDRIAMIHAMINA ', 'NDRIANA', 'M', 67, 2, '0', 'ndriana@ndriana.com', 'adresse														', '0000-00-00', 1, '2013-10-18', 'ndriana.adh.bhk', '1234567mklen', '0000-00-00', '0000-00-00', '', '1', 23, 0, 0, 0, '', 0, 0),
(448, '6_38', '1027', '', 'RAZAFINDRAZAKA ', 'VOLATIANA H.', 'F', 56, 2, '0', 'volatiana@volatiana.com', 'adresse							', '0000-00-00', 0, '0000-00-00', 'PAN', '1234567mklen', '0000-00-00', '0000-00-00', '', '1', 23, 0, 0, 0, '', 0, 0),
(449, '6_34', '1028', '', 'RASAMIMANANA ', 'TIANA', 'M', 42, 3, '0', 'trasami@ostie.org', 'adresse', '0000-00-00', 0, '0000-00-00', 'PH', '1234567mklen', '0000-00-00', '0000-00-00', '', '1', 23, 0, 0, 0, '', 0, 0),
(450, '0', '1029', '', 'RATSIMBAZAFY ', 'DINA MENDRIKA', 'M', 17, 2, '0', 'email', 'adresse', '0000-00-00', 0, '0000-00-00', NULL, '1234567mklen', '0000-00-00', '0000-00-00', '', '1', 23, 0, 0, 0, '', 0, 0),
(451, '0', '1030', '', 'RAKOTONJANAHARY ', 'JOHNSON', 'M', 17, 2, '0', 'email', 'adresse', '0000-00-00', 0, '0000-00-00', NULL, '1234567mklen', '0000-00-00', '0000-00-00', '', '1', 23, 0, 0, 0, '', 0, 0),
(452, '0', '1031', '', 'RAHERINIAINA ', 'JEAN ERIC', 'M', 17, 2, '0', 'email', 'adresse', '0000-00-00', 0, '0000-00-00', NULL, '1234567mklen', '0000-00-00', '0000-00-00', '', '1', 23, 0, 0, 0, '', 0, 0),
(453, '0', '1032', '', 'RANJALAHY ', 'ERICK', 'M', 17, 2, '0', 'email', 'adresse', '0000-00-00', 0, '0000-00-00', NULL, '1234567mklen', '0000-00-00', '0000-00-00', '', '1', 23, 0, 0, 0, '', 0, 0),
(454, '0', '1033', '', 'RAYMOND ', 'BERSON', 'M', 54, 2, '0', 'email', 'adresse', '0000-00-00', 0, '0000-00-00', NULL, '1234567mklen', '0000-00-00', '0000-00-00', '', '1', 23, 0, 0, 0, '', 0, 0),
(455, '0', '1034', '', 'RAHAJARIMANANA ', 'TIANA JEAN CHRYSOST', 'M', 37, 2, '0', 'email', 'adresse', '0000-00-00', 0, '0000-00-00', NULL, '1234567mklen', '0000-00-00', '0000-00-00', '', '1', 23, 0, 0, 0, '', 0, 0),
(456, '0', '1035', '', 'RAKOTONIRINA ', 'RODIN SAMU', 'M', 54, 2, '0', 'email', 'adresse', '0000-00-00', 0, '0000-00-00', NULL, '1234567mklen', '0000-00-00', '0000-00-00', '', '1', 23, 0, 0, 0, '', 0, 0),
(457, '2_24', '1036', '', 'ANDRIAMANARIVO ', 'HARIVOLOLONA NIRINA', 'F', 55, 2, '0', 'niry.acc.bhk@ostie.org', 'adresse', '2009-09-28', 1, '0000-00-00', 'niry.acc.bhk', '1234567mklen', '0000-00-00', '0000-00-00', '', '1', 23, 0, 0, 0, '', 0, 0),
(458, '41_13', '1037', '', 'RAKOTOARIVELO ', 'HANITRINIONY JULIETTE', 'F', 85, 4, '0', 'rakotoarivelo@ostie.mg', 'adresse																					', '0000-00-00', 1, '2018-08-27', 'hanitriniony', '1234567mklen', '2018-08-27', '2018-08-28', 'UTILISATEUR', '1', 34, 0, 1, 0, '', 0, 0),
(459, '2_24', '1038', '', 'VOLOLONIHAJA ', 'NAOMY', 'F', 51, 2, '0', 'naomy.acc.bhk@ostie.org', 'ADRESSE', '2009-09-29', 1, '0000-00-00', 'naomy.acc.bhk', '1234567mklen', '0000-00-00', '0000-00-00', '', '1', 23, 0, 0, 0, '', 0, 0),
(460, '0', '1039', '', 'ANDRIANARIVELO ', 'TIANA FLORIAN', 'M', 70, 2, '0', 'email', 'adresse', '0000-00-00', 0, '0000-00-00', NULL, '1234567mklen', '0000-00-00', '0000-00-00', '', '1', 23, 0, 0, 0, '', 0, 0);
INSERT INTO `personnel` (`persnl_id`, `persnl_centreServiceId`, `persnl_matricule`, `persnl_codeOnm`, `persnl_nom`, `persnl_prenom`, `prsnl_sexe`, `persnl_fonctionId`, `prsnlcp_id`, `persnl_tel`, `persnl_email`, `persnl_adresse`, `persnl_embaucheDate`, `persnl_presence`, `persnl_presenceDate`, `persnl_login`, `persnl_password`, `persnl_passwordDateDeb`, `persnl_passwordDateFin`, `persnl_passwordObs`, `persnl_etatId`, `persnl_pharmacieCompId`, `persnl_porte`, `persnl_imptype`, `persnl_ipId`, `persnl_ipAdress`, `persnl_centreId`, `persnl_serviceId`) VALUES
(461, '2_24', '1040', '', 'RAZAIMANANORO ', 'SOANINDRINA VOLATIANA', 'F', 55, 2, '0', 'vola.acc.bhk@ostie.org', 'adresse							', '2009-09-29', 1, '0000-00-00', 'vola.acc.bhk', '1234567mklen', '0000-00-00', '0000-00-00', '', '1', 23, 0, 0, 0, '', 0, 0),
(462, '0', '1041', '', 'ANDRIANTSOA ', 'HANITRA NIRINA', 'F', 48, 1, '0', 'hanitra.adh.bhk@ostie.org', 'adresse', '0000-00-00', 0, '0000-00-00', 'hanitra.adh.bhk', '1234567mklen', '0000-00-00', '0000-00-00', '', '1', 23, 0, 0, 0, '', 0, 0),
(463, '2_25', '1042', '', 'RAMAMPANDRY ', 'NOROMIARY SAINTIA', 'F', 48, 1, '0', 'saintia.adh.bhk@ostie.mg', 'adresse', '0000-00-00', 1, '2013-04-28', 'saintia.adh.bhk', '1234567mklen', '0000-00-00', '0000-00-00', '', '1', 23, 0, 0, 0, '', 0, 0),
(464, '41_37', '1043', '', 'RABODOARIVONY ', 'EMELINE', 'F', 97, 5, '0', 'email@RMAIL.COM', 'adresse														', '0000-00-00', 1, '2018-11-23', 'bodo', '1234567mklen', '2018-11-19', '2018-11-27', 'UTILISATEUR', '1', 34, 0, 0, 0, '', 0, 0),
(465, '0', '1044', '', 'ANDRIANAIVOSHON ', 'DERANIRINA', 'M', 106, 2, '0', 'email', 'adresse', '0000-00-00', 0, '0000-00-00', NULL, '1234567mklen', '0000-00-00', '0000-00-00', '', '1', 23, 0, 0, 0, '', 0, 0),
(466, '2_25', '1045', '', 'ANDRIAMAROSON ', 'ROCKY RIVO', 'M', 45, 1, '0', 'rocky.adh.bhk@ostie.mg', 'adresse							', '2013-07-15', 1, '2013-10-18', 'rocky.adh.bhk', '1234567mklen', '0000-00-00', '0000-00-00', '', '1', 23, 0, 0, 0, '', 0, 0),
(467, '0', '1046', '', 'RATOMPOHERIVONY ', 'ZAKA HARISOA', 'F', 97, 5, '0', 'email', 'adresse', '0000-00-00', 0, '0000-00-00', NULL, '1234567mklen', '0000-00-00', '0000-00-00', '', '1', 23, 0, 0, 0, '', 0, 0),
(468, '2_10', '1047', '', 'RAHAMEFY LANTOHELISOA ', 'VOAHIRANA', 'F', 15, 5, '0', 'lanto.labo.bhk@ostie.org', 'adresse							', '2009-10-06', 1, '0000-00-00', 'lanto.labo.bhk', '1234567mklen', '0000-00-00', '0000-00-00', '', '1', 23, 0, 0, 0, '', 0, 0),
(469, '6_38', '1048', '', 'RAHANDRIFENOSOA ', 'TAHINA', 'M', 56, 5, '0', 'tahina@tahina.mg', 'adresse', '0000-00-00', 1, '0000-00-00', NULL, '1234567mklen', '0000-00-00', '0000-00-00', '', '1', 23, 0, 0, 0, '', 0, 0),
(470, '0', '1049', '', 'RAKOTONANAHARY ', 'HOBINIAINA', 'F', 68, 5, '0', 'email', 'adresse', '0000-00-00', 0, '0000-00-00', NULL, '1234567mklen', '0000-00-00', '0000-00-00', '', '1', 23, 0, 0, 0, '', 0, 0),
(471, '0', '1050', '', 'RANAIVOMANANA ', 'TODINIRINA', 'M', 44, 2, '0', 'email', 'adresse', '0000-00-00', 0, '0000-00-00', NULL, '1234567mklen', '0000-00-00', '0000-00-00', '', '1', 23, 0, 0, 0, '', 0, 0),
(472, '0', '1051', '', 'RAHARIMANANA ', 'RANTOSOA', 'F', 52, 2, '0', 'email', 'adresse', '0000-00-00', 0, '0000-00-00', NULL, '1234567mklen', '0000-00-00', '0000-00-00', '', '1', 23, 0, 0, 0, '', 0, 0),
(473, '0', '1052', '', 'RAHARISOA ', 'VOLANIAINA PATRICIA', 'F', 52, 2, '0', 'email', 'adresse', '0000-00-00', 0, '0000-00-00', NULL, '1234567mklen', '0000-00-00', '0000-00-00', '', '1', 23, 0, 0, 0, '', 0, 0),
(474, '0', '1053', '', 'RAKOTONDRAINY ', 'TIANA FANOMEZANTSOA', 'M', 53, 2, '0', 'email', 'adresse', '0000-00-00', 0, '0000-00-00', NULL, '1234567mklen', '0000-00-00', '0000-00-00', '', '1', 23, 0, 0, 0, '', 0, 0),
(475, '0', '1054', '', 'RANARIVELO ', 'FID', 'M', 53, 2, '0', 'email', 'adresse', '0000-00-00', 0, '0000-00-00', NULL, '1234567mklen', '0000-00-00', '0000-00-00', '', '1', 23, 0, 0, 0, '', 0, 0),
(476, '2_13', '1055', '', 'ANDRIANAJA ', 'JAONARISATA', 'M', 85, 4, '0', 'vazo@yahoo.fr', 'adresse																					', '0000-00-00', 0, '0000-00-00', 'jaona.mg.bhk', '1234567mklen', '0000-00-00', '0000-00-00', '', '1', 35, 0, 0, 0, '', 0, 0),
(477, '0', '1056', '', 'RAZAFINIMANANA  ', 'NIVOMALALA', 'F', 85, 4, '0', 'email', 'adresse', '0000-00-00', 0, '0000-00-00', NULL, '1234567mklen', '0000-00-00', '0000-00-00', '', '1', 23, 0, 0, 0, '', 0, 0),
(478, '0', '1057', '', 'RAKOTOMAMONJY ', 'FANOMEZANTSOA HONOR', 'M', 76, 2, '0', 'email', 'adresse', '0000-00-00', 0, '0000-00-00', NULL, '1234567mklen', '0000-00-00', '0000-00-00', '', '1', 23, 0, 0, 0, '', 0, 0),
(479, '0', '1058', '', 'RAMBELOMANANA ', 'SITRAKY NY AINA', 'M', 51, 2, '0', 'email', 'adresse', '0000-00-00', 0, '0000-00-00', NULL, '1234567mklen', '0000-00-00', '0000-00-00', '', '1', 23, 0, 0, 0, '', 0, 0),
(480, '2_24', '1059', '', 'RIANARIVONY ', 'DOMOINA', 'F', 99, 2, '0', 'email@mail.com', 'adresse							', '0000-00-00', 0, '0000-00-00', NULL, '1234567mklen', '0000-00-00', '0000-00-00', '', '1', 23, 0, 0, 0, '', 0, 0),
(481, '0', '1060', '', 'RASOLOMANANA ', 'VICTORINE', 'F', 52, 2, '0', 'email', 'adresse', '0000-00-00', 0, '0000-00-00', NULL, '1234567mklen', '0000-00-00', '0000-00-00', '', '1', 23, 0, 0, 0, '', 0, 0),
(482, '0', '1061', '', 'MAMONJIALILALA ', 'MITSINJOSOA', 'F', 52, 2, '0', 'email', 'adresse', '0000-00-00', 0, '0000-00-00', NULL, '1234567mklen', '0000-00-00', '0000-00-00', '', '1', 23, 0, 0, 0, '', 0, 0),
(483, '0', '1062', '', 'HANTAMALALA ', 'JACQUELINE', 'F', 63, 5, '0', 'email', 'adresse', '0000-00-00', 0, '0000-00-00', NULL, '1234567mklen', '0000-00-00', '0000-00-00', '', '1', 23, 0, 0, 0, '', 0, 0),
(484, '0', '1063', '', 'RANDRIAMISAINA ', 'INFINI', 'M', 75, 5, '0', 'email', 'adresse', '0000-00-00', 0, '0000-00-00', NULL, '1234567mklen', '0000-00-00', '0000-00-00', '', '1', 23, 0, 0, 0, '', 0, 0),
(485, '0', '1064', '', 'RANJASOA ', 'NANTENAINA MARIE ANNIE', 'F', 65, 5, '0', 'email', 'adresse', '0000-00-00', 0, '0000-00-00', NULL, '1234567mklen', '0000-00-00', '0000-00-00', '', '1', 23, 0, 0, 0, '', 0, 0),
(486, '2_24', '1065', '', 'RAKOTOARINDRESY ', 'MBOLATIANA FENITRA', 'F', 55, 2, '0', 'mbola.acc.bhk@ostie.org', 'adresse							', '2009-09-28', 1, '0000-00-00', 'mbola.acc.bhk', '1234567mklen', '0000-00-00', '0000-00-00', '', '1', 23, 0, 0, 0, '', 0, 0),
(487, '0', '1066', '', 'RAMAMONJISOA ', 'ANDO NANTENAINA', 'M', 106, 2, '0', 'email', 'adresse', '0000-00-00', 0, '0000-00-00', NULL, '1234567mklen', '0000-00-00', '0000-00-00', '', '1', 23, 0, 0, 0, '', 0, 0),
(488, '2_23', '1067', '', 'RAZAFINDRAMBOA ', 'ANDRIAMBOLA', 'M', 44, 2, '0', 'email', 'adresse', '0000-00-00', 1, '0000-00-00', 'andri.ddm.bhk', '1234567mklen', '0000-00-00', '0000-00-00', '', '1', 23, 0, 0, 0, '', 0, 0),
(489, '0', '1068', '', 'RAKOTOHARINOSY ', 'ANDRIATSILAVO THIERRY', 'M', 51, 2, '0', 'email', 'adresse', '0000-00-00', 0, '0000-00-00', NULL, '1234567mklen', '0000-00-00', '0000-00-00', '', '1', 23, 0, 0, 0, '', 0, 0),
(490, '0', '1069', '', 'ANDRIANOMENJANAHARY ', 'GEORGES PATRICK', 'M', 53, 2, '0', 'email', 'adresse', '0000-00-00', 0, '0000-00-00', NULL, '1234567mklen', '0000-00-00', '0000-00-00', '', '1', 23, 0, 0, 0, '', 0, 0),
(491, '0', '1070', '', 'RANDRIANARISOA ', 'NOTAHIANA', 'M', 44, 2, '0', 'email', 'adresse', '0000-00-00', 0, '0000-00-00', NULL, '1234567mklen', '0000-00-00', '0000-00-00', '', '1', 23, 0, 0, 0, '', 0, 0),
(492, '0', '1071', '', 'RAKOTONAIVO ', 'LAINGOHARISOA MARIE EUGENIE', 'F', 4, 2, '0', 'email', 'adresse', '0000-00-00', 0, '0000-00-00', NULL, '1234567mklen', '0000-00-00', '0000-00-00', '', '1', 23, 0, 0, 0, '', 0, 0),
(493, '2_34', '1072', '', 'RANDRIAMAMPANDRY ', 'CORINE', 'F', 44, 2, '433', 'corine.ddm.bhk@ostie.mg', 'adresse																					', '2009-09-29', 1, '0000-00-00', 'corine.ddm.bhk', '1234567mklen', '0000-00-00', '0000-00-00', '', '1', 34, 0, 0, 0, '', 0, 0),
(494, '2_25', '1073', '', 'RAZAFIMAHEFA ', 'HANITRA CHRISTINE', 'F', 44, 2, '0', 'email', 'adresse', '0000-00-00', 1, '2013-10-18', 'hanitra.adh.bhk', '1234567mklen', '0000-00-00', '0000-00-00', '', '1', 23, 0, 0, 0, '', 0, 0),
(496, '41_30', '1075', '', 'RAKOTOARISON ', 'MAMINIAINA JOSEPH DAVID', 'M', 35, 4, '0', 'email@ostie.mg', 'adresse																																																																																																																																																																																																																																							', '0000-00-00', 1, '0000-00-00', 'DAVID.STOMATO.BHK', '1234567mklen', '0000-00-00', '0000-00-00', '', '1', 34, 127, 0, 0, '', 0, 0),
(497, '0', '1076', '', 'RAHARIMAHEFA ', 'HANTARIVONY NICOLE', 'F', 51, 2, '0', 'email', 'adresse', '0000-00-00', 0, '0000-00-00', NULL, '1234567mklen', '0000-00-00', '0000-00-00', '', '1', 23, 0, 0, 0, '', 0, 0),
(498, '2_21', '1077', '', 'RAVELOARISON ', 'NIRY FALY', 'F', 85, 4, '0', 'niry.mg.bhk@ostie.org', 'adresse																																																																																																																																																																																																																																																								', '2009-09-28', 1, '2013-03-07', 'niry.mg.bhk', '1234567mklen', '0000-00-00', '0000-00-00', '', '3', 36, 0, 0, 0, '', 0, 0),
(499, '2_24', '1078', '', 'RASOLONJATOVO ', 'FENOMALALA AVOTRA', 'F', 51, 2, '0', 'avotra.acc.bhk@ostie.org', 'adresse', '2009-09-28', 1, '0000-00-00', 'avotra.acc.bhk', '1234567mklen', '0000-00-00', '0000-00-00', '', '1', 23, 0, 0, 0, '', 0, 0),
(500, '0', '1080', '', 'RASOAMANANTANY ', 'TONGANIRINA CHARLOT', 'M', 56, 5, '0', 'email', 'adresse', '0000-00-00', 0, '0000-00-00', NULL, '1234567mklen', '0000-00-00', '0000-00-00', '', '1', 23, 0, 0, 0, '', 0, 0),
(501, '0', '1081', '', 'RANAMBININTSOA ', 'JOARIMANANA', 'M', 53, 2, '0', 'email', 'adresse', '0000-00-00', 0, '0000-00-00', NULL, '1234567mklen', '0000-00-00', '0000-00-00', '', '1', 23, 0, 0, 0, '', 0, 0),
(502, '0', '1082', '', 'RANAIVOSOA ', 'DINA LALAINA HELISOA', 'F', 51, 2, '0', 'email', 'adresse', '0000-00-00', 0, '0000-00-00', NULL, '1234567mklen', '0000-00-00', '0000-00-00', '', '1', 23, 0, 0, 0, '', 0, 0),
(503, '0', '1083', '', 'RAZAFINDRAKOTO ', 'EDDIE', 'M', 17, 2, '0', 'email', 'adresse', '0000-00-00', 0, '0000-00-00', NULL, '1234567mklen', '0000-00-00', '0000-00-00', '', '1', 23, 0, 0, 0, '', 0, 0),
(504, '2_27', '1086', '', 'RAMANANDRAIBE ', 'SAHONDRA EUG', 'F', 39, 1, '0', 'yao@aahy.fr', 'adresse							', '0000-00-00', 1, '0000-00-00', 'SAHONDRA.CGAI.BHK', '1234567mklen', '0000-00-00', '0000-00-00', '', '1', 23, 0, 0, 0, '', 0, 0),
(505, '0', '1087', '', 'RAHELINIVO ', 'MARTHE', 'F', 106, 2, '0', 'email', 'adresse', '0000-00-00', 0, '0000-00-00', NULL, '1234567mklen', '0000-00-00', '0000-00-00', '', '1', 23, 0, 0, 0, '', 0, 0),
(506, '0', '1088', '', 'RALAIARISOA  RAKOTO', 'HANITRINIRINA', 'F', 49, 1, '0', 'email', 'adresse', '0000-00-00', 0, '0000-00-00', NULL, '1234567mklen', '0000-00-00', '0000-00-00', '', '1', 23, 0, 0, 0, '', 0, 0),
(507, '2_38', '1089', '', 'TOLOJANAHARY ', 'ROBERTO', 'M', 56, 5, '0', 'roberto@ostie.org', 'adresse														', '2012-03-08', 1, '0000-00-00', 'ROBERTO.SOIN.BHK', '1234567mklen', '0000-00-00', '0000-00-00', '', '1', 23, 0, 0, 0, '', 0, 0),
(508, '0', '1090', '', 'ANDRIANARISOA ', 'HAJA', 'M', 8, 1, '0', 'email', 'adresse', '0000-00-00', 0, '0000-00-00', NULL, '1234567mklen', '0000-00-00', '0000-00-00', '', '1', 23, 0, 0, 0, '', 0, 0),
(509, '2_25', '1091', '', 'RABE IANJA HARILALA ', 'HOBY N.', 'F', 95, 2, '0', 'ianja.ddm.grf@ostie.org', 'adresse							', '2010-04-08', 1, '2013-10-18', 'ianja.adh.bhk', '1234567mklen', '0000-00-00', '0000-00-00', '', '1', 23, 0, 0, 0, '', 0, 0),
(510, '0', '1092', '', 'FANJANIRINA ', 'MARIE BENIGNE', 'F', 52, 2, '0', 'email', 'adresse', '0000-00-00', 0, '0000-00-00', NULL, '1234567mklen', '0000-00-00', '0000-00-00', '', '1', 23, 0, 0, 0, '', 0, 0),
(511, '0', '1093', '', 'RAKOTOARIVO ', 'MAHAVALISOA NY AINA', 'F', 44, 2, '0', 'email', 'adresse', '0000-00-00', 0, '0000-00-00', NULL, '1234567mklen', '0000-00-00', '0000-00-00', '', '1', 23, 0, 0, 0, '', 0, 0),
(512, '41_17', '1094', '', 'RAMANANTSOA ', 'HOBIARIVELO MAMITIANA', 'F', 85, 4, '0', 'mami.mg.bhk@ostie.org', 'adresse							', '2009-09-28', 1, '2014-12-10', '', '1234567mklen', '0000-00-00', '0000-00-00', '', '3', 23, 0, 0, 0, '', 0, 0),
(513, '0', '1095', '', 'RASOLOMANANA ', 'LANTONIRINA', 'F', 44, 2, '0', 'email', 'adresse', '0000-00-00', 0, '0000-00-00', NULL, '1234567mklen', '0000-00-00', '0000-00-00', '', '1', 23, 0, 0, 0, '', 0, 0),
(514, '0', '1097', '', 'RAMBELOSON ', 'HOBIARIMAMY', 'F', 97, 5, '0', 'email', 'adresse', '0000-00-00', 0, '0000-00-00', NULL, '1234567mklen', '0000-00-00', '0000-00-00', '', '1', 23, 0, 0, 0, '', 0, 0),
(515, '0', '1098', '', 'RAMAHATAFANDRY ', 'SEDINIRINA FANOMEZANTSOA', 'M', 86, 2, '0', 'email', 'adresse', '0000-00-00', 0, '0000-00-00', NULL, '1234567mklen', '0000-00-00', '0000-00-00', '', '1', 23, 0, 0, 0, '', 0, 0),
(516, '2_24', '1099', '', 'RASOAZANAMANANA ', 'ZOE', 'F', 106, 2, '0', 'zoe.tfm.bhk@ostie.org', 'adresse																					', '2009-10-09', 1, '2013-10-18', 'zoe.vs', '1234567mklen', '0000-00-00', '0000-00-00', '', '1', 36, 0, 0, 0, '', 0, 0),
(517, '2_13', '1100', '', 'RALIJAONA ', 'MICHEL MALALASON', 'M', 85, 4, '0', 'michel@ostie.org', 'adresse																																																																																																																																																																																																																																																								', '2009-09-28', 1, '0000-00-00', 'michel.mg.bhk', '1234567mklen', '0000-00-00', '0000-00-00', '', '1', 34, 0, 0, 0, '', 0, 0),
(518, '2_13', '1102', '', 'RATREMA ', 'LALA ANDRIATIANA', 'M', 85, 4, '0', 'douglas@ostie.mg', 'adresse																					', '0000-00-00', 0, '0000-00-00', 'lala.mg.bhk', '1234567mklen', '0000-00-00', '0000-00-00', '', '1', 34, 0, 0, 0, '', 0, 0),
(519, '0', '1103', '', 'RAHARIJAONA ', 'JOSSAH', 'M', 53, 2, '0', 'email', 'adresse', '0000-00-00', 0, '0000-00-00', NULL, '1234567mklen', '0000-00-00', '0000-00-00', '', '1', 23, 0, 0, 0, '', 0, 0),
(520, '2_37', '1104', '', 'SEHENOARIVONJY ', 'NO', 'F', 97, 5, '422', 'seheno.sf.bhk@ostie.org', 'adresse', '2009-09-30', 1, '0000-00-00', 'seheno.sf.bhk', '1234567mklen', '0000-00-00', '0000-00-00', '', '1', 23, 0, 0, 0, '', 0, 0),
(521, '0', '1106', '', 'RABEARINAIVO ', 'NIRINA LOUIS', 'M', 44, 2, '0', 'email', 'adresse', '0000-00-00', 0, '0000-00-00', NULL, '1234567mklen', '0000-00-00', '0000-00-00', '', '1', 23, 0, 0, 0, '', 0, 0),
(522, '2_13', '1107', '', 'RAKOTOSOA ', 'BODO NICOLE', 'F', 85, 4, '0', 'email@OSTIE.NET', 'adresse																																																																						', '0000-00-00', 0, '0000-00-00', 'bodo.mg.ilf', '1234567mklen', '0000-00-00', '0000-00-00', '', '1', 35, 0, 0, 0, '', 0, 0),
(523, '0', '1108', '', 'ANDRY ', 'ANTENAINA TOVOSOA', 'M', 56, 5, '0', 'email', 'adresse', '0000-00-00', 0, '0000-00-00', NULL, '1234567mklen', '0000-00-00', '0000-00-00', '', '1', 23, 0, 0, 0, '', 0, 0),
(524, '0', '1109', '', 'ANDRIANJOHANY ', 'SYLVIE ELINA', 'F', 44, 2, '0', 'email', 'adresse', '0000-00-00', 0, '0000-00-00', NULL, '1234567mklen', '0000-00-00', '0000-00-00', '', '1', 23, 0, 0, 0, '', 0, 0),
(525, '0', '1110', '', 'RABE ', 'BAKONIAINA NANCY', 'F', 63, 5, '0', 'email', 'adresse', '0000-00-00', 0, '0000-00-00', NULL, '1234567mklen', '0000-00-00', '0000-00-00', '', '1', 23, 0, 0, 0, '', 0, 0),
(526, '2_25', '1111', '', 'RAZANADRASATA ', 'MIREILLE FRANCICIA', 'F', 64, 5, '0', 'francicia.bhk@ostie.org', 'adresse							', '2009-07-08', 1, '2013-05-22', 'FRANCICIA', '1234567mklen', '0000-00-00', '0000-00-00', '', '1', 23, 0, 0, 0, '', 0, 0),
(527, '2_23', '1112', '', 'HARIMANDIMBY ', 'FARA-MALALA', 'F', 106, 2, '0', 'fara.tfm.bhk@ostie.org', 'adresse							', '2010-03-30', 1, '0000-00-00', 'FARA.TFM.BHK', '1234567mklen', '0000-00-00', '0000-00-00', '', '1', 23, 0, 0, 0, '', 0, 0),
(528, '0', '1113', '', 'RATSIMBA ', 'F', 'M', 44, 2, '0', 'email', 'adresse', '0000-00-00', 0, '0000-00-00', NULL, '1234567mklen', '0000-00-00', '0000-00-00', '', '1', 23, 0, 0, 0, '', 0, 0),
(529, '0', '1114', '', 'RANDRIANARISON ', 'RIJA', 'M', 53, 2, '0', 'email', 'adresse', '0000-00-00', 0, '0000-00-00', NULL, '1234567mklen', '0000-00-00', '0000-00-00', '', '1', 23, 0, 0, 0, '', 0, 0),
(530, '2_13', '1115', '', 'RAKOTONIRINA ', 'HANTAMALALA', 'F', 85, 4, '0', 'hanta@yahoo.fr', 'adresse							', '0000-00-00', 0, '0000-00-00', 'hanta.mg.bhk', '1234567mklen', '0000-00-00', '0000-00-00', '', '1', 23, 0, 0, 0, '', 0, 0),
(531, '2_30', '1116', '', 'RAKOTOARISOA ', 'VOLOLONJAKA DOLLY NICOLE', 'F', 35, 4, '0', 'dolly.stomato.bhk@ostie.org', 'adresse																																																																													', '2009-07-08', 1, '0000-00-00', 'DOLLY.STOMATO.BHK', '1234567mklen', '0000-00-00', '0000-00-00', '', '1', 34, 127, 0, 0, '', 0, 0),
(532, '0', '191', '', 'RANDRIAMANANTENA ', 'DANIEL GABY OLIVIER', 'M', 85, 4, '0', 'email', 'adresse', '0000-00-00', 0, '0000-00-00', NULL, '1234567mklen', '0000-00-00', '0000-00-00', '', '1', 23, 0, 0, 0, '', 0, 0),
(533, '0', '1118', '', 'RABEARIMALALA ', 'LUC', 'M', 53, 2, '0', 'email', 'adresse', '0000-00-00', 0, '0000-00-00', NULL, '1234567mklen', '0000-00-00', '0000-00-00', '', '1', 23, 0, 0, 0, '', 0, 0),
(534, '0', '1119', '', 'HARINIRINA ', 'NOMENJANAHARY', 'F', 52, 2, '0', 'email', 'adresse', '0000-00-00', 0, '0000-00-00', NULL, '1234567mklen', '0000-00-00', '0000-00-00', '', '1', 23, 0, 0, 0, '', 0, 0),
(535, '0', '119', '', 'AMDRIAMBOLAMANANA ', 'JACQUES ROMULUS', 'M', 53, 2, '0', 'email', 'adresse', '0000-00-00', 0, '0000-00-00', NULL, '1234567mklen', '0000-00-00', '0000-00-00', '', '1', 23, 0, 0, 0, '', 0, 0),
(536, '0', '1121', '', 'RAKOTOARIVONY ', 'NIAINA ERIC', 'M', 53, 2, '0', 'email', 'adresse', '0000-00-00', 0, '0000-00-00', NULL, '1234567mklen', '0000-00-00', '0000-00-00', '', '1', 23, 0, 0, 0, '', 0, 0),
(537, '0', '151', '', 'RASAMIMANANA ', 'HERIZO CHRISTOPHE', 'M', 53, 2, '0', 'email', 'adresse', '0000-00-00', 0, '0000-00-00', NULL, '1234567mklen', '0000-00-00', '0000-00-00', '', '1', 23, 0, 0, 0, '', 0, 0),
(538, '0', '173', '', 'RAZAFINDRATSIRA ', 'HAJA PIERRE', 'M', 84, 4, '0', 'email', 'adresse', '0000-00-00', 0, '0000-00-00', NULL, '1234567mklen', '0000-00-00', '0000-00-00', '', '1', 23, 0, 0, 0, '', 0, 0),
(539, '2_37', '1124', '', 'RALAIHARO ', 'BONIFACE', 'M', 57, 5, '0', 'boniface.bhk@ostie.org', 'adresse							', '2009-07-08', 1, '0000-00-00', 'BONIFACE.BHK', '1234567mklen', '0000-00-00', '0000-00-00', '', '1', 23, 0, 0, 0, '', 0, 0),
(554, '2_24', '1005', '', 'RASAMISON', 'HARITIANA NANTENAINA', 'M', 51, 2, '0', 'hari.acc.bhk@ostie.org', 'adresse							', '2009-09-28', 1, '0000-00-00', 'hari.acc.bhk', '1234567mklen', '0000-00-00', '0000-00-00', '', '1', 23, 0, 0, 0, '', 0, 0),
(541, '2_35', '1126', '', 'RALINIVOSOA ', 'GINA', 'F', 44, 2, '433', 'ginah.ddm.bhk@ostie.org', 'adresse														', '2009-09-29', 1, '0000-00-00', 'gina.ddm.bhk', '1234567mklen', '0000-00-00', '0000-00-00', '', '1', 35, 0, 0, 0, '', 0, 0),
(542, '6_10', '1127', '', 'ANDRIANJAKANIRINA ', 'LOVA MBOLANIAINA', 'F', 94, 5, '0', 'email', 'adresse', '0000-00-00', 0, '0000-00-00', NULL, '1234567mklen', '0000-00-00', '0000-00-00', '', '1', 23, 0, 0, 0, '', 0, 0),
(543, '2_37', '1128', '', 'MAMITIANA ', 'SOLOFO HERIVOLOLONA', 'F', 98, 5, '0', 'email', 'adresse', '0000-00-00', 1, '0000-00-00', 'MAMITIANA.SF.BHK', '1234567mklen', '0000-00-00', '0000-00-00', '', '1', 23, 0, 0, 0, '', 0, 0),
(544, '82_13', '1129', '', 'RANDRIAMIHAMINA ', 'JACKY ELRICK', 'M', 85, 4, '0', 'email@ostie.mg', 'adresse							', '2019-05-14', 1, '2022-12-20', 'elrick', '1234567mklen', '2022-12-20', '2023-02-21', 'UTILISATEUR', '1', 34, 0, 0, 0, '', 0, 0),
(545, '0', '1130', '', 'SAMISON ', 'BENJAMIN MAC MAHERY', 'M', 86, 2, '0', 'email', 'adresse', '0000-00-00', 0, '0000-00-00', NULL, '1234567mklen', '0000-00-00', '0000-00-00', '', '1', 23, 0, 0, 0, '', 0, 0),
(546, '2_30', '1131', '', 'IHAJA RAMBELOSON ', 'CHARLES', 'M', 3, 2, '0', 'ihaja.stomato.bhk@ostie.org', 'adresse							', '2009-09-30', 0, '0000-00-00', 'ihaja.stomato.bhk', '1234567mklen', '0000-00-00', '0000-00-00', '', '1', 23, 0, 0, 0, '', 0, 0),
(547, '6_35', '1132', '', 'RAMARINJANAHARY ', 'RIJA FITIAVANA Y.B.', 'M', 86, 2, '0', 'email@ee.eee', 'adresse', '0000-00-00', 1, '0000-00-00', 'PHARMACIE2', '1234567mklen', '0000-00-00', '0000-00-00', '', '1', 23, 0, 0, 0, '', 0, 0),
(548, '2_41', '1133', '', 'RAZAFINJATO ', 'MAMISOA CHRISTIAN', 'M', 17, 2, '0', 'email@e.eez', 'adresse', '0000-00-00', 0, '0000-00-00', '', '1234567mklen', '0000-00-00', '0000-00-00', '', '1', 23, 0, 0, 0, '', 0, 0),
(552, '2_25', '10000', '', 'RAZAFIARINAIVO', 'NIRINA HERIZO', 'M', 85, 1, '', 'dg@ostie.mg', 'ANTOMADINK																																										', '2008-07-02', 1, '0000-00-00', '', '1234567mklen', '0000-00-00', '0000-00-00', '', '1', 34, 0, 0, 0, '', 0, 0),
(553, '2_13', '1125', '', 'RAZAFINIMANANA', 'DIMBINIAINA FELANA', 'F', 85, 4, '0', 'felana@ostie.org', 'adresse																																																																																																																																																																																																																																																								', '0000-00-00', 1, '0000-00-00', 'felana.bhk.mg', '1234567mklen', '0000-00-00', '0000-00-00', '', '1', 35, 103, 0, 0, '', 0, 0),
(555, '2_13', '1143', '', 'RANAIVOSON', 'HASINA NDRANTO', 'M', 85, 10, '', 'ndranto.mg.bhk@ostie.org', '																																																																																																																																																																																																																																																															', '2009-06-17', 1, '0000-00-00', 'ndranto.mg.bhk', '1234567mklen', '0000-00-00', '0000-00-00', '', '1', 35, 0, 0, 0, '', 0, 0),
(557, '2_38', '1015', '', 'RASOAHANTAMALALA', 'VOLOLONTSOA TATAMO', 'M', 56, 1, '', 'tatamo.soin.kwo@ostie.org', '', '2009-07-16', 1, '0000-00-00', 'TATAMO.SOIN.KWO', '1234567mklen', '0000-00-00', '0000-00-00', '', '1', 23, 0, 0, 0, '', 0, 0),
(558, '2_37', '1110', '', 'RABE', 'BAKONIAINA NANCY', 'F', 56, 1, '', 'nancy.bhk@ostie.org', '							', '2009-07-16', 1, '0000-00-00', 'NANCY.BHK', '1234567mklen', '0000-00-00', '0000-00-00', '', '1', 23, 0, 0, 0, '', 0, 0),
(559, '82_27', '1160', '', 'RABEMANANTSOA', 'ANDRIAMANJAKA', 'M', 56, 1, '', 'andriamanjaka.bhk@ostie.org', '							', '2009-07-16', 1, '2019-07-10', 'heritiana', '1234567mklen', '2019-07-10', '2019-08-27', 'UTILISATEUR', '1', 34, 0, 0, 0, '', 0, 0),
(599, '2_13', '1200', '00001', 'ANDRIAMANANORO', 'SOAFARA NY ANDRIANINA', 'F', 78, 32, '2226578', 'echobhk@ostie.mg', '							', '2011-12-09', 1, '0000-00-00', 'andriamananoro.mg.bhk', '1234567mklen', '0000-00-00', '0000-00-00', '', '1', 34, 0, 0, 0, '', 0, 0),
(561, '2_20', 'PEDIA001', '', 'RANDRIANAIVO', 'NARINDRA', 'F', 85, 32, '', 'narindra.ped.bhk@ostie.org', '', '2009-07-24', 1, '0000-00-00', 'narindra.ped.bhk', '1234567mklen', '0000-00-00', '0000-00-00', '', '1', 23, 0, 0, 0, '', 0, 0),
(562, '2_26', '1161', '', 'RAZAFIARISOA', 'LOVASOA', 'F', 55, 1, '424', 'lova.hot.bhk@ostie.org', '							', '2009-09-28', 1, '0000-00-00', 'lova.hot.bhk', '1234567mklen', '0000-00-00', '0000-00-00', '', '1', 23, 0, 0, 0, '', 0, 0),
(563, '2_13', 'MGHAJA', '', 'RAKOTOSOA', 'HAJATIANA', 'M', 85, 32, '', 'haja.mg.bhk@ostie.org', '																																																																																																																																																																																						', '2009-09-28', 1, '0000-00-00', 'haja.mg.bhk', '1234567mklen', '0000-00-00', '0000-00-00', '', '1', 34, 0, 0, 0, '', 0, 0),
(565, '2_36', '1156', '', 'RAVAOARIMANANA', 'HARIVOLA', 'F', 44, 1, '', 'vola.ddm.bhk@ostie.org', '', '2009-09-29', 1, '0000-00-00', 'vola.ddm.bhk', '1234567mklen', '0000-00-00', '0000-00-00', '', '1', 23, 0, 0, 0, '', 0, 0),
(566, '2_13', '1206', '', 'RAKOTONJANAHARY', 'NIRINA MBININTSOA', 'F', 85, 32, '', 'mbine.mg.bhk@ostie.org', '																																																																																																																																																																																																																																																															', '2009-10-01', 1, '0000-00-00', 'mbine.mg.bhk', '1234567mklen', '0000-00-00', '0000-00-00', '', '1', 34, 0, 0, 0, '', 0, 0),
(567, '2_37', 'SOINROGER', '', 'RANDRIANAINA', 'ROGER HARISON', 'M', 56, 1, '432', 'roger.soin.bhk@ostie.org', '', '2009-10-02', 1, '0000-00-00', 'roger.soin.bhk', '1234567mklen', '0000-00-00', '0000-00-00', '', '1', 23, 0, 0, 0, '', 0, 0),
(568, '2_17', '1164', '', 'RANDRIAMANANA', 'NJARATIANA', 'M', 97, 1, '422', 'njara.sf.bhk@ostie.org', '							', '2009-10-02', 1, '0000-00-00', 'njara.sf.bhk', '1234567mklen', '0000-00-00', '0000-00-00', '', '1', 23, 0, 0, 0, '', 0, 0),
(569, '41_34', 'SERIANTE001', '', 'SERIANTE', 'ADMIN', 'M', 2, 32, '417', 'seriante@ostie.org', '																																										', '2009-10-06', 1, '2015-04-07', 'devosti', '1234567mklen', '2015-04-07', '2015-05-31', 'UTILISATEUR', '1', 23, 0, 0, 0, '', 0, 0),
(570, '2_37', 'PREST2', '', 'RAKOTOMANANA', 'RIVOMIHAMINA', 'F', 98, 1, '', 'mihamina.sf.bhk@ostie.org', '', '2009-10-26', 1, '0000-00-00', 'mihamina.sf.bhk', '1234567mklen', '0000-00-00', '0000-00-00', '', '1', 23, 0, 0, 0, '', 0, 0),
(572, '2_23', 'SERAL', '', 'SERIANTE', 'AL', 'M', 2, 1, '20', 'al@ostie.org', 'A', '2010-03-30', 1, '0000-00-00', 'AL-FETRA', '1234567mklen', '0000-00-00', '0000-00-00', '', '1', 23, 0, 0, 0, '', 0, 0),
(573, '2_13', 'BHK20100413', '', 'ANDRIARINOSY', 'MICHELE', 'F', 85, 1, '', 'michele.mg.bhk@ostie.org', '														', '2010-04-13', 0, '0000-00-00', 'michele.mg.ivt', '1234567mklen', '0000-00-00', '0000-00-00', '', '1', 23, 0, 0, 0, '', 0, 0),
(574, '2_25', '1169', '', 'ROSELINA ', 'HERY', 'M', 48, 24, '', 'ostie@yahoo.fr', '', '2010-04-26', 1, '2013-10-18', 'HERY.ADH.BHK', '1234567mklen', '0000-00-00', '0000-00-00', '', '1', 23, 0, 0, 0, '', 0, 0),
(575, '2_25', '5281', '', 'RAKOTOARIMANANA', 'ONY', 'M', 48, 24, '', 'ostie@yahoo.fr', '', '2010-04-26', 0, '0000-00-00', 'ONY.ADH.BHK', '1234567mklen', '0000-00-00', '0000-00-00', '', '1', 23, 0, 0, 0, '', 0, 0),
(576, '2_26', '1134', '', 'RAHONINTSOA', 'KEVIN PATRICK', 'M', 44, 1, '', 'kevin.hot.bhk@ostie.org', '', '2010-04-29', 1, '0000-00-00', 'KEVIN.HOT.BHK', '1234567mklen', '0000-00-00', '0000-00-00', '', '1', 23, 0, 0, 0, '', 0, 0),
(577, '2_25', 'FIC27052010', '', 'RANDRIANTSOA', 'ROVATIANA OLIVIER', 'M', 53, 1, '', 'rova.acc.bhk@ostie.org', '							', '2010-05-27', 1, '0000-00-00', 'rova.acc.bhk', '1234567mklen', '0000-00-00', '0000-00-00', '', '1', 23, 0, 0, 0, '', 0, 0),
(578, '2_25', 'TMP01', '', 'RAKOTONDRABE', 'MINO', 'F', 48, 1, '', 'mino@yahoo.fr', '							', '2010-06-02', 1, '0000-00-00', 'mino.adh.bhk', '1234567mklen', '0000-00-00', '0000-00-00', '', '1', 23, 0, 0, 0, '', 0, 0),
(579, '2_30', 'STOMATO003', '', 'RANOASY', 'NOFY', 'F', 35, 1, '', 'nofy.stomato.ilf@ostie.org', '																					', '2010-06-22', 1, '0000-00-00', '', '1234567mklen', '0000-00-00', '0000-00-00', '', '1', 35, 0, 0, 0, '', 0, 0),
(581, '2_13', '1186', '', 'RAKOTOARISON', 'HANTAVOLOLONA', 'F', 85, 32, '', 'azerty@mail.com', 'N																																																																																																																																																																																																																																																														', '2010-01-01', 1, '0000-00-00', 'patricia.bhk.mg', '1234567mklen', '0000-00-00', '0000-00-00', '', '1', 34, 0, 0, 0, '', 0, 0),
(580, '2_30', 'PESTA', '', 'LAIONGONOFY ', 'RANOASIARISOA', 'F', 35, 2, '', 'mail@yahoo.fr', '							', '2010-09-17', 0, '0000-00-00', NULL, '1234567mklen', '0000-00-00', '0000-00-00', '', '1', 23, 0, 0, 0, '', 0, 0),
(583, '2_13', '1157', '', 'RANOROARIVELO ', 'VOLOLOMBOAHANGY', 'M', 85, 10, '', 'dr@ostie.mg', '														', '2009-01-01', 0, '0000-00-00', 'voahangy.mg.bhk', '1234567mklen', '0000-00-00', '0000-00-00', '', '1', 23, 0, 0, 0, '', 0, 0),
(585, '2_13', '1184', '', 'RAMASITERA', 'IALIMBOLAMANANA', 'F', 85, 32, '', 'ialy@ostie.org', '							', '2011-01-03', 0, '0000-00-00', 'ialy.ilf.mg', '1234567mklen', '0000-00-00', '0000-00-00', '', '1', 34, 0, 0, 0, '', 0, 0),
(586, '41_30', '1185', '0000123', 'RANOARISON', 'NOFY', 'F', 35, 32, '2226578', 'STOMATO@OSTIE.MG', '														', '2011-01-01', 1, '2015-01-09', 'nofy', '1234567mklen', '2014-12-16', '2015-02-28', 'SINFO', '1', 34, 0, 0, 0, '', 0, 0),
(588, '2_36', '1167', '00012345', 'RAKOTOARIMANANA', 'ANDRIANANTENAINA MAMY', 'M', 44, 1, '433', 'mamy.ddm.bhk@ostie.org', 'ADRESS', '2011-04-09', 1, '0000-00-00', 'mamy.ddm.bhk', '1234567mklen', '0000-00-00', '0000-00-00', '', '1', 36, 0, 0, 0, '', 0, 0),
(587, '2_13', '870', '00021456', 'RAVELOJAONA', 'MAMY', 'F', 85, 32, '2226578', 'mamy@ostie.mg', '																																																																																																									', '2011-04-09', 1, '0000-00-00', 'mamy.mg.vvt2', '1234567mklen', '0000-00-00', '0000-00-00', '', '1', 34, 0, 0, 0, '', 0, 0),
(589, '2_24', '1209', '', 'RAKOTONIRAINY', 'HASINANADRATO NIRINA', 'M', 105, 10, '0320302913', '', 'LOT A 136 FARAVOHITRA', '2011-04-04', 1, '0000-00-00', 'hasina.info.bhk', '1234567mklen', '0000-00-00', '0000-00-00', '', '1', 34, 0, 0, 0, '', 0, 0),
(590, '2_13', '1163', '', 'RAKOTONIAINA ', 'MICHAEL', 'M', 85, 35, '', 'mick@ostie.mg', '																																																	', '2009-05-01', 0, '0000-00-00', 'michael.mg.bhk', '1234567mklen', '0000-00-00', '0000-00-00', '', '1', 36, 0, 0, 0, '', 0, 0),
(591, '2_4', '1T', '0411223103403', 'RAZAFIMAHEFA', 'OLOSOA HASINA', 'M', 85, 35, '', 'olosoa@ostie.org', '																					', '2011-08-08', 1, '2013-09-24', 'olosoa.mg.bhk', '1234567mklen', '0000-00-00', '0000-00-00', '', '1', 35, 0, 0, 0, '', 0, 0),
(592, '41_13', 'PREST3', '', 'RAVELOSON', 'JOSSELIN', 'M', 82, 32, '', 'jos@ostie.mg', '																												', '2011-08-23', 1, '2014-08-27', 'josselin.mg.bhk', '1234567mklen', '0000-00-00', '0000-00-00', '', '1', 34, 0, 0, 0, '', 0, 0),
(593, '2_30', 'PREST4', '', 'RANDRIAMAMONJISOA', 'HERILALAINA ROSSI', 'M', 35, 32, '', 'herilalaina@ostie.mg', '', '2011-07-01', 1, '0000-00-00', 'rossi.stomato.bhk', '1234567mklen', '0000-00-00', '0000-00-00', '', '1', 36, 0, 0, 0, '', 0, 0),
(594, '41_13', '1230', '', 'RAKOTONIAINA', 'HANTA LALAO  ', 'F', 85, 32, '', 'ostie@ostie.mg', '																					', '2012-02-01', 1, '2016-09-30', 'rakotoniaina', '1234567mklen', '2016-09-05', '2016-11-30', 'UTILISATEUR', '1', 34, 11, 1, 0, '', 0, 0),
(595, '2_13', '1153', '', 'ANDRIAMBELOMANANA', 'RAKOTOARIMIANDRA', 'M', 85, 32, '', 'rakoto@ostie.mg', 'TANJOMBATO														', '2008-01-28', 0, '0000-00-00', 'rakotoarimiandra.mg.bhk', '1234567mklen', '0000-00-00', '0000-00-00', '', '1', 36, 0, 0, 0, '', 0, 0),
(596, '2_13', '1187', '', 'RAKOTOARISOA', 'HAJA', 'M', 85, 32, '', 'HAJA@OSTIE.MG', '														', '2011-10-11', 0, '0000-00-00', NULL, '1234567mklen', '0000-00-00', '0000-00-00', '', '1', 35, 0, 0, 0, '', 0, 0),
(597, '2_4', 'PREST5', '', 'ANDRIATSITOHAINA', 'HAINGOHANJANAVALONA', 'F', 85, 32, '', 'haingo@ostie.org', '																																			', '2011-10-17', 1, '2013-10-18', 'hanja.mg.bhk', '1234567mklen', '0000-00-00', '0000-00-00', '', '1', 36, 0, 0, 0, '', 0, 0),
(598, '2_13', '188', '123456', 'RABARISON', 'RICHARD', 'M', 108, 32, '2226578', 'richard.cardio.bhk@ostie.org', '														', '2011-12-01', 0, '0000-00-00', 'richard.cardio.bhk', '1234567mklen', '0000-00-00', '0000-00-00', '', '1', 36, 0, 0, 0, '', 0, 0),
(600, '2_13', 'PREST6', '', 'RABESON', 'LANDY', 'F', 85, 35, '', 'rab@ostie.org', '', '2012-02-01', 1, '0000-00-00', 'landy.mg.bhk', '1234567mklen', '0000-00-00', '0000-00-00', '', '1', 36, 0, 0, 0, '', 0, 0),
(601, '2_13', 'PREST7', '', 'RAZAFINDRAMBOA ', 'RAKOTONIRINA VOLANA', 'F', 85, 32, '', '', '							', '2012-02-20', 0, '0000-00-00', 'VOLANA.MG.BHK', '1234567mklen', '0000-00-00', '0000-00-00', '', '1', 34, 0, 0, 0, '', 0, 0),
(602, '2_13', 'CARDIO', '', 'CARDIOLOGUE', 'CARDIO', 'M', 108, 35, '', 'michel@ostie.org', '																												', '2012-03-02', 1, '0000-00-00', 'michel.cardio.bhk', '1234567mklen', '0000-00-00', '0000-00-00', '', '1', 34, 0, 0, 0, '', 0, 0),
(603, '2_42', '0000000010', '', 'RALAISON', 'ANDRIANTAHIANA', 'M', 35, 32, '2226578', 'stomato@ostie.mg', '							', '2012-07-02', 1, '0000-00-00', 'ralaison.stomato.bhk', '1234567mklen', '0000-00-00', '0000-00-00', '', '1', 34, 0, 0, 0, '', 0, 0),
(604, '2_37', '1240', '', 'RAKOTOMAMONJY', 'RADONANTENAINA MANANJARAIANA', 'M', 58, 29, '', '', '', '2012-07-01', 1, '0000-00-00', 'RADO.soin.bhk', '1234567mklen', '0000-00-00', '0000-00-00', '', '1', 34, 0, 0, 0, '', 0, 0),
(605, '2_37', 'PREST8', '', 'HARIVELONARIVO', 'FANAPERANA LAETITIA', 'F', 64, 5, '', '', '', '2012-07-01', 1, '0000-00-00', 'Laeti.soin.bhk', '1234567mklen', '0000-00-00', '0000-00-00', '', '1', 34, 0, 0, 0, '', 0, 0),
(606, '2_38', 'PREST9', '', 'RAZOARIVELO', 'RAVAKA BERNADETTE LALA', 'F', 57, 5, '', 'dsfs@dsdsd.com', '							', '2012-07-01', 1, '0000-00-00', 'Ravaka.soin.bhk', '1234567mklen', '0000-00-00', '0000-00-00', '', '1', 34, 0, 0, 0, '', 0, 0),
(607, '2_37', 'PREST10', '', 'ANDRIAMANJATO', 'FRANCOISE', 'F', 64, 5, '', 'dsdsd@dsqd.com', '							', '2012-07-01', 1, '0000-00-00', 'miadana.soin.bhk', '1234567mklen', '0000-00-00', '0000-00-00', '', '1', 34, 0, 0, 0, '', 0, 0),
(608, '2_43', 'PREST11', '', 'RANDRIANASOLO', 'TOLOTRA NATHALIE NACIA', 'F', 35, 2, '', '', '', '2012-08-16', 1, '0000-00-00', 'nacia.stomato.bhk', '1234567mklen', '0000-00-00', '0000-00-00', '', '1', 34, 0, 0, 0, '', 0, 0),
(661, '82_13', '1383', '\"\"', 'rajerison', 'louis arnaud', '', 85, 5, '', 'arnaudrajerison@gmail.com', '', '0000-00-00', 1, '2021-08-28', 'rajerison', '1234567mklen', '2021-08-28', '2021-11-23', 'UTILISATEUR', '1', 34, 0, 1, 0, '192.168.35.152', 0, 0),
(660, '41_13', 'PR08790167', '\"\"', 'RAKOTOMALALA', 'NARISOA LALAINA', '', 85, 27, '0340814249', 'bonnarisoa@gmail.com', 'antananarivo', '0000-00-00', 1, '2020-03-21', 'narisoa', '1234567mklen', '0000-00-00', '2020-05-26', '', '1', 34, 0, 0, 1, '', 41, 0),
(611, '2_13', 'PREST12', '', 'RAHARINIONY', 'DIAMONDRA HANITRINIAINA', 'F', 85, 2, '', '', '', '2012-10-29', 1, '0000-00-00', 'diamondra.mg.bhk', '1234567mklen', '0000-00-00', '0000-00-00', '', '1', 34, 0, 0, 0, '', 0, 0),
(612, '2_13', 'PREST13', '', 'ANDRIANONY', 'MURIELLE', 'F', 85, 1, '', 'a@yahoo.mg', '							', '2012-10-31', 1, '0000-00-00', 'murielle.mg.bhk', '1234567mklen', '0000-00-00', '0000-00-00', '', '1', 34, 0, 0, 0, '', 0, 0),
(613, '2_24', '1242', '', 'RAKOTOARISOA', 'LOVANIAINA', 'M', 45, 24, '', 'loul29n@gmail.com', '', '2012-07-01', 1, '2013-09-12', 'lova.adh', '1234567mklen', '0000-00-00', '0000-00-00', '', '1', 23, 0, 0, 0, '', 0, 0),
(614, '2_4', 'PREST14', '', 'RAFALY ', 'ELIE JOHN', 'M', 84, 1, '', '', '', '2013-07-02', 1, '2013-10-15', 'elie.mg.bhk', '1234567mklen', '0000-00-00', '0000-00-00', '', '1', 34, 0, 0, 0, '', 0, 0),
(615, '2_4', '1123', '', 'RAZAFINDRATSIRA', 'HAJA', 'M', 84, 35, '', 'ostie@ostie.mg', '							', '2008-03-01', 1, '2013-09-17', 'razafindratsira', '1234567mklen', '0000-00-00', '0000-00-00', '', '1', 23, 0, 0, 0, '', 0, 0),
(616, '41_34', '1217', '', 'RASOAMANANJARA', 'TABITA', 'F', 44, 18, '', 'ostie.mkl@gmail.com', '														', '2014-02-19', 1, '2019-03-12', 'tabita', '1234567mklen', '2019-03-07', '2019-05-28', 'UTILISATEUR', '1', 34, 0, 0, 0, '', 0, 0),
(617, '41_30', 'PREST15', '', 'RANDRIANARIJAONA', 'MIRANA', 'F', 35, 1, '', 'hh@yahoo.fr', '							', '2014-03-03', 1, '2014-03-18', 'mirana.stomato.mkl', '1234567mklen', '0000-00-00', '0000-00-00', '', '1', 34, 0, 0, 0, '', 0, 0),
(618, '41_30', 'RPL STOMATO MKL', '', 'STOMATO MKL', 'STOMATO MKL', 'M', 35, 1, '', 'ff@yahoo.fr', '							', '2014-03-03', 1, '2014-03-11', 'stomato.mkl', '1234567mklen', '0000-00-00', '0000-00-00', '', '1', 34, 0, 0, 0, '', 0, 0),
(619, '41_13', 'PREST16', '', 'NOMENJANAHARY', 'ANDRY', 'M', 84, 9, '0000', 'andry@ostie.mg', '', '2014-03-18', 1, '0000-00-00', 'andry.mg.mkl', '1234567mklen', '0000-00-00', '0000-00-00', '', '1', 34, 0, 0, 0, '', 0, 0),
(620, '41_17', '1309', '', 'RAKOTONANAHARY', 'SAVOLA FELAMAMPIONONA', 'F', 60, 9, '0000', 'felana@ostie.mg', '', '2014-04-15', 1, '2014-06-02', 'felana', '1234567mklen', '0000-00-00', '0000-00-00', '', '1', 34, 0, 0, 0, '', 0, 0),
(621, '41_30', '1145', '', 'RAMALINARIVO', 'HARIVELO AIME  ', 'M', 35, 32, '', 'ostie@ostie.mg', '																					', '2008-09-01', 1, '2017-04-14', 'aime.sto.mkl', '1234567mklen', '2017-03-03', '2017-05-30', 'UTILISATEUR', '1', 34, 0, 0, 0, '', 0, 0),
(622, '41_27', '1330', '', 'RAKOTO HANITRINIAINA', 'LUCIA', 'F', 98, 7, '', '123@yahoo.fr', '', '2015-04-27', 1, '2015-08-28', 'lucia', '1234567mklen', '2015-08-17', '2015-08-30', 'UTILISATEUR', '1', 34, 0, 0, 0, '', 0, 0),
(623, '41_13', '12356', '', 'RAFANOELINIRINA', 'ROVA', 'M', 85, 2, '0000', 'rova@gmail.com', '', '2015-05-28', 1, '2015-12-18', 'rova', '1234567mklen', '2015-12-17', '2016-02-29', 'UTILISATEUR', '1', 34, 0, 0, 1, '', 0, 0),
(624, '41_17', '5433', '\"\"', 'Ralitera', 'Antsa', '', 0, 0, NULL, NULL, NULL, NULL, 1, '2015-07-07', 'ralitera', '1234567mklen', '0000-00-00', '2015-08-30', '', '1', 34, 0, 0, 1, '', 41, 0),
(625, '41_13', '5368', '', 'RAKOTOARIMANGA', 'RONDRO FELANA', 'F', 85, 32, '', 'email@email.com', 'ADRESSE', '2015-07-01', 1, '2017-11-14', 'RONDRO', '1234567mklen', '2017-11-14', '2017-11-28', 'UTILISATEUR', '1', 34, 0, 1, 0, '', 0, 0),
(640, '41_27', '1407', '', 'RASOLONJATOVO', 'BAKOMALALA', 'F', 44, 25, '', 'ostie@ostie.mg', '', '2017-11-24', 1, '2018-04-04', 'bakomalala', '1234567mklen', '2018-03-16', '2018-05-29', 'UTILISATEUR', '1', 34, 0, 0, 0, '', 0, 0),
(628, '41_34', '924', '', 'RAMANANTENASOA', 'BERNADETTE', 'F', 44, 22, '0323254', 'email@ostie.mg', 'ADRESSE							', '2012-12-04', 1, '2018-12-10', 'bernadette', '1234567mklen', '2018-11-28', '2019-02-26', 'UTILISATEUR', '1', 34, 0, 0, 0, '', 0, 0),
(627, '41_13', '1312', '', 'ANDRIANARIVELO', 'TOKY', 'M', 85, 32, '02313612', 'email@ostie.mg', 'ADRESSE', '2014-02-04', 1, '2018-11-02', 'toky.mg.ivt', '1234567mklen', '2018-08-29', '2018-11-27', 'UTILISATEUR', '1', 34, 0, 1, 0, '', 0, 0),
(629, '41_24', '5352', '', 'ANDRIAMANJATO RAOELISON', 'DIARY MISAINA', 'M', 51, 11, '031', 'email@email.com', 'ADRESSE', '2014-02-04', 1, '2019-03-12', 'diary', '1234567mklen', '2019-03-04', '2019-05-28', 'UTILISATEUR', '1', 34, 0, 0, 0, '', 0, 0),
(630, '41_13', 'P', '\"\"', 'RAVELOSAONA', 'JOSSELIN', '', 0, 0, NULL, NULL, NULL, NULL, 1, '2018-01-18', 'josselin', '1234567mklen', '2018-01-17', '2018-02-27', 'UTILISATEUR', '1', 34, 0, 1, 0, '192.168.35.8', 41, 0),
(631, '41_38', '1203', '', 'RAHOLIARISOA', 'HAINGOTIANA NADHIA', 'F', 56, 26, '', 'ostie@ostie.mg', 'O', '2011-01-01', 1, '2017-07-14', 'Nadhia', '1234567mklen', '2017-06-12', '2017-08-29', 'UTILISATEUR', '1', 34, 0, 0, 0, '', 0, 0),
(632, '41_27', '1216', '', 'FALY', 'FALY', 'M', 14, 26, '', 'ostie@ostie.mg', '', '2016-04-14', 1, '2016-06-13', 'Faly', '1234567mklen', '2016-06-06', '2016-08-31', 'UTILISATEUR', '1', 34, 0, 0, 0, '', 0, 0),
(633, '41_13', '5486', '\"\"', 'RAKOTONIRINA', 'Laurent', '', 0, 0, NULL, NULL, NULL, NULL, 1, '2017-07-26', 'laurent', '1234567mklen', '2017-07-20', '2017-08-29', 'UTILISATEUR', '1', 34, 0, 1, 0, '192.168.35.8', 41, 0),
(634, '41_13', '1336', '', 'RAKOTOMIARANOROSON', 'HIRA KANTO', 'F', 85, 32, '', 'email@email.com', '														', '2018-06-14', 1, '2019-03-12', 'hira', '1234567mklen', '2019-02-28', '2019-05-28', 'UTILISATEUR', '1', 34, 0, 1, 0, '192.168.35.8', 41, 0),
(635, '41_34', '5431', '', 'RAVONIARIMANANA', 'PERLINE', 'F', 44, 9, '03', 'email@email.com', '', '2015-04-01', 1, '2016-08-18', 'perline', '1234567mklen', '2016-08-08', '2016-08-31', 'UTILISATEUR', '1', 34, 0, 0, 0, '', 0, 0),
(636, '82_13', '9080', '', 'RAKOTOBE', 'LEONARD', 'M', 85, 5, '0000', 'email@ostie.mg', '							', '2017-04-07', 1, '2019-11-09', 'leonard', '1234567mklen', '2019-08-31', '2019-11-26', 'UTILISATEUR', '1', 34, 0, 1, 0, '', 0, 0),
(637, '41_30', '1351', '', 'RAVELOARISON ', 'HERINIAINA', 'M', 35, 1, '', 'a@gmail.com', '														', '2017-09-19', 1, '2018-05-30', 'Heriniaina', '1234567mklen', '2018-05-30', '2018-08-28', 'UTILISATEUR', '1', 34, 0, 0, 0, '192.168.35.25', 0, 0),
(638, '41_24', '1379', '', 'ANDRIANIAINASOA', 'VOHITRAHARIMANANA RIVO HERMANN', 'M', 51, 7, '', 'email@email.com', '', '2016-03-01', 1, '2017-07-21', 'rivo', '1234567mklen', '2017-07-17', '2017-08-29', 'UTILISATEUR', '1', 34, 0, 0, 0, '', 0, 0),
(639, '41_17', 'PREST ', '', 'TIANOMENJANAHARY', 'BIAYE SAHARAH', 'F', 97, 2, '0000', 'a@ostie.mg', '', '2017-10-02', 1, '2018-09-28', 'saharah', '1234567mklen', '2018-09-17', '2018-11-27', 'UTILISATEUR', '1', 34, 0, 0, 0, '', 0, 0),
(641, '41_38', 'PREST 2017', '', 'ANDRIAMIHAJA', 'RINA', 'F', 97, 3, '000', 'a@ostie.mg', '', '2017-12-18', 1, '2018-03-21', 'rina', '1234567mklen', '2018-03-07', '2018-05-29', 'UTILISATEUR', '1', 34, 0, 0, 0, '', 0, 0),
(642, '82_13', '1386', '', 'kharma', 'stella michele', '', 85, 1, '', 'email@ostie.mg', '							', '2019-03-05', 1, '2019-05-11', 'stella', '1234567mklen', '2019-05-11', '2019-05-28', 'UTILISATEUR', '1', 34, 0, 1, 0, '', 41, 0),
(643, '41_30', 'prestgerald', '', 'RAZAFINDRAKOTO', 'ANDRITOKY GERALD', 'M', 35, 32, '', 'eal@eail.com', '							', '0000-00-00', 1, '2019-03-11', 'andritoky', '1234567mklen', '2019-02-27', '2019-05-28', 'UTILISATEUR', '1', 34, 0, 0, 0, '192.168.35.25', 0, 0),
(644, '41_13', 'PREST AN07', '', 'RANDRIANARIVONY', 'ANNIE', 'F', 85, 32, '', 'email@email.com', 'ADRESSE', '2018-01-02', 1, '2019-02-27', 'annie', '1234567mklen', '2019-02-27', '2019-05-28', 'UTILISATEUR', '1', 34, 0, 1, 0, '', 0, 0),
(645, '41_30', '1402', '', 'RAOELIJAONA', 'HANITRA SANDRA', 'F', 3, 8, '', 'qffsdf@ostie.mg', '', '2018-07-23', 1, '2018-07-23', 'mklsan', '1234567mklen', '2018-07-23', '2018-08-28', '', '1', 34, 0, 0, 1, '', 0, 0),
(646, '41_13', 'prest_henintsoa', '\"\"', 'RANDRIAMIALY', 'HENINTSOA ROBIN', '', 0, 0, NULL, NULL, NULL, NULL, 1, '2018-09-05', 'HENINTSOA', '1234567mklen', '0000-00-00', '2018-11-27', '', '1', 34, 0, 1, 0, '192.168.35.8', 41, 0),
(647, '82_34', '1416', '', 'ANDRIANASOLO', 'MIHOBY TANTELY', 'F', 97, 24, '', 'email@email.com', 'ADRESSE							', '2017-01-02', 1, '2021-10-16', 'tantely', '1234567mklen', '2021-08-28', '2021-11-23', 'UTILISATEUR', '1', 34, 0, 0, 0, '', 0, 0),
(648, '41_27', 'PREST_HENDRY', '', 'RABEVAZAHA', 'HENDRY MAHAY MAHERY', 'M', 56, 2, '', 'a@ostie.mg', '														', '0000-00-00', 1, '2018-10-26', 'Hendry', '1234567mklen', '0000-00-00', '2018-11-27', '', '1', 34, 0, 0, 0, '192.168.35.13', 0, 0),
(649, '41_37', 'PREST NIRINA', '', 'RAZAFINDRAVELONA', 'VOLAMIHANTA NIRINA', 'F', 58, 26, '0341619016', '', 'MAMASINA', '0108-11-14', 1, '2018-11-14', 'nirina', '1234567mklen', '2018-11-14', '2018-11-27', 'UTILISATEUR', '1', 34, 0, 0, 0, '', 0, 0),
(650, '41_13', 'PR08790087', '', 'RANDRIANANTOANDRO', 'FIDY MALALA', 'M', 85, 9, '032', 'email@email.com', 'ADRESSE							', '2019-01-02', 1, '2019-02-05', 'PR087', '1234567mklen', '2019-02-04', '2019-02-26', 'UTILISATEUR', '1', 34, 0, 1, 0, '', 0, 0),
(651, '41_13', '1323', '\"\"', 'JAOELIRAVAKA', 'Andry', '', 82, 32, '', 'jaoelrvk@gmail.com', '', '0000-00-00', 1, '2019-03-12', 'jaoeliravaka', '1234567mklen', '2019-02-27', '2019-05-28', 'UTILISATEUR', '1', 34, 0, 1, 0, '192.168.35.8', 41, 0),
(652, '41_37', 'PR10290079', '', 'RAKOTONIRIANA', 'HOBINIAINA', 'F', 58, 1, '', 'a@ostie.mg', '							', '0000-00-00', 1, '2020-11-04', 'hobiniaina', '1234567mklen', '2020-11-04', '2020-11-24', 'UTILISATEUR', '1', 34, 0, 0, 0, '192.168.35.5', 41, 0),
(653, '82_14', '1528', '', 'ANDRIANATREHANA', 'SALOHITATAMO', 'F', 56, 1, '', 'ostie@ostie.mg', '														', '2019-03-05', 1, '2022-12-28', 'salohitatamo', '1234567mklen', '2022-11-26', '2023-02-21', 'UTILISATEUR', '1', 34, 0, 0, 0, '', 0, 0),
(654, '82_13', 'PREST_CHRISTIAN', '', 'ANDRIANARISOA', 'CHRISTIAN HERITIANA', 'M', 85, 1, '', '', '', '2019-03-15', 1, '2021-02-20', 'christian', '1234567mklen', '2021-01-16', '2021-02-23', 'UTILISATEUR', '1', 34, 0, 1, 0, '', 0, 0),
(655, '82_24', '5599', '', 'VELOARINIRY', 'YARLINE', 'F', 56, 1, '', '', '', '2019-06-04', 1, '2022-10-22', 'niry', '1234567mklen', '2022-09-24', '2022-11-22', 'UTILISATEUR', '1', 34, 0, 0, 0, '', 0, 0),
(656, '82_24', '5613', '', 'BAKOLIARIMALALA', 'RAVONIAINA LEONIE', 'F', 97, 1, '', '', '', '2019-08-10', 1, '2022-10-15', 'leonie', '1234567mklen', '2022-10-15', '2022-11-22', 'UTILISATEUR', '1', 34, 0, 0, 0, '', 0, 0),
(657, '82_44', '1393', '', 'RAVELOSON', 'MIALIVOLA', 'F', 97, 1, '', '', '', '2019-12-05', 1, '2021-04-24', 'mialivola', '1234567mklen', '2021-04-10', '2021-05-25', 'UTILISATEUR', '1', 34, 0, 0, 0, '', 0, 0),
(658, '82_24', '5684', '', 'RANDRIANANTENAINA', 'FANOMEZANTSOA OLIVIER', 'M', 56, 1, '', '', '', '2019-12-05', 1, '2021-03-27', 'naina', '1234567mklen', '2021-03-27', '2021-05-25', 'UTILISATEUR', '1', 34, 0, 0, 0, '', 0, 0),
(666, '82_13', '1512', '\"\"', 'RANDIMBISON', 'SOLONIRINA JOSE', '', 85, 32, '0330982925', 'SOLOARCHIMED@GMAIL.COM', 'LOT ', '0000-00-00', 1, '2020-06-27', 'solonirina', '1234567mklen', '0000-00-00', '2020-08-25', '', '1', 34, 0, 1, 0, '192.168.35.152', 0, 0),
(662, '82_13', '1442', '\"\"', 'RABARIJAONA', 'Andriniaina', '', 85, 18, '', 'a', '', '0000-00-00', 1, '2022-08-20', 'lalatiana', '1234567mklen', '2022-08-20', '2022-08-23', 'UTILISATEUR', '1', 34, 0, 1, 0, '192.168.35.104', 0, 0),
(663, '82_13', '01143', '\"\"', 'RANAIVOSON ', 'JAONA HASINANDRANTO', '', 85, 32, '0343864181', 'jaona.ranaivoson@ostie.mg', 'A 129 FARAVOHITRA', '0000-00-00', 1, '2020-11-28', 'hasinandranto', '1234567mklen', '2020-11-28', '2021-02-23', 'UTILISATEUR', '1', 34, 0, 1, 0, '::1', 41, 0),
(664, '82_13', '1302', '\"\"', 'ANDRIANARY', 'Rado', '', 85, 0, '', '', '', '0000-00-00', 1, '2020-05-30', 'rado', '1234567mklen', '2020-05-30', '2020-08-25', 'UTILISATEUR', '1', 34, 0, 1, 0, '192.168.35.104', 0, 0),
(665, '82_13', '1295', '041121314105934', 'RAVO', 'DERA HANS', '', 85, 32, '0341878838', 'ostie@ostie.mg', 'A 163 BIS FARAVOHITRA							', '2020-06-06', 1, '2020-06-06', 'DERA', '1234567mklen', '0000-00-00', '2020-08-25', '', '1', 34, 0, 1, 0, '', 41, 0),
(667, '82_13', '01074', '', 'RANDRIANOMENJANAHARY', 'HENRI', '', 85, 32, '', 'ostie@ostie.mg', '							', '2022-01-22', 1, '2022-12-17', 'henri', '1234567mklen', '2022-11-26', '2023-02-21', 'UTILISATEUR', '1', 34, 0, 1, 0, '', 41, 0),
(668, '82_13', '1480', '', 'RANAIVOSON', 'NOROHANITRA MAMY CLEMENCE', 'F', 85, 32, '0320302966', 'mamy.ranaivoson@ostie.mg', 'ITAOSY', '2018-09-01', 1, '2022-12-10', 'norohanitra', '1234567mklen', '2022-12-10', '2023-02-21', 'UTILISATEUR', '1', 34, 0, 1, 0, '', 0, 0),
(669, '82_40', '5728', '', 'RANDRENJANIRINA', 'HUGUES VICTOR', 'M', 56, 26, '0345558477', 'rhvnirina@yahoo.fr', 'ITAOS', '2021-06-01', 1, '2022-08-27', 'hugues', '1234567mklen', '2022-08-27', '2022-11-22', 'UTILISATEUR', '1', 34, 0, 0, 0, '', 0, 0),
(670, '82_24', '5756', '', 'RAJAONARIVELO', 'TOLOTRINIAINA LIANTSOA', 'M', 56, 26, '', 'tolotriniainaliantsoa@gmail.com', '', '2022-11-12', 1, '2022-12-03', 'Liantsoa', '1234567mklen', '2022-12-03', '2023-02-21', 'UTILISATEUR', '1', 34, 0, 0, 0, '', 0, 0);

-- --------------------------------------------------------

--
-- Table structure for table `service`
--

CREATE TABLE `service` (
  `service_id` int(10) UNSIGNED NOT NULL,
  `service_code` varchar(50) NOT NULL,
  `service_nom` varchar(160) DEFAULT NULL,
  `service_type` tinyint(2) NOT NULL,
  `service_specialiste` tinyint(4) NOT NULL,
  `service_barcode` tinyint(1) NOT NULL
) ENGINE=MyISAM DEFAULT CHARSET=utf8;

--
-- Dumping data for table `service`
--

INSERT INTO `service` (`service_id`, `service_code`, `service_nom`, `service_type`, `service_specialiste`, `service_barcode`) VALUES
(1, '1', 'CONTROLE DE GESTION', 0, 0, 0),
(2, '2', 'INFORMATIQUE', 0, 0, 0),
(3, '3', 'QUALITE ET COMMUNICATION', 0, 0, 0),
(4, '4', 'SECURITE ET SANTE AU TRAVAIL', 1, 1, 0),
(8, '8', 'OPHTALMOLOGIE', 1, 1, 0),
(10, '10', 'LABORATOIRE', 1, 1, 0),
(11, '11', 'RADIOLOGIE', 1, 1, 0),
(12, '12', 'ECHOGRAPHIE', 1, 1, 0),
(13, '13', 'MEDECINE GENERALE', 1, 0, 0),
(14, '14', 'SOIN - MAJOR', 1, 0, 0),
(17, '17', 'SAGE-FEMME', 1, 0, 0),
(18, '18', 'ORL', 1, 1, 0),
(19, '19', 'NEUROLOGIE', 1, 1, 0),
(20, '20', 'PEDIATRIE', 1, 1, 0),
(21, '21', 'VISITE SYSTEMATIQUE', 1, 1, 0),
(22, '22', 'GYNECOLOGIE', 1, 1, 0),
(23, '23', 'PHARMACIE CENTRALE', 1, 0, 0),
(24, '24', 'ACCUEIL', 0, 0, 0),
(25, '25', 'ADHERENT', 0, 0, 0),
(26, '26', 'HOTESSE', 0, 0, 0),
(27, '27', 'STOCKS', 1, 0, 0),
(28, '28', 'MALADIES ET EPIDEMIES', 0, 0, 0),
(29, '29', 'CARDIOLOGIE', 1, 1, 0),
(30, '30', 'STOMATOLOGIE', 1, 1, 0),
(31, '31', 'DERMATOLOGIE', 1, 1, 0),
(32, '32', 'ORGANISATION', 0, 0, 0),
(33, '33', 'PHARMACIE DE RESERVE', 1, 0, 0),
(34, '34', 'PHARMACIE COMPARTIMENT A', 1, 0, 0),
(35, '35', 'PHARMACIE COMPARTIMENT B', 1, 0, 0),
(36, '36', 'PHARMACIE COMPARTIMENT C', 1, 0, 0),
(37, '37', 'SOIN - INJECTIONS', 1, 0, 0),
(38, '38', 'SOIN - PANSEMENTS', 1, 0, 0),
(40, '40', 'CHEF DE BUREAU ADMINISTRATIF (CBA)', 0, 0, 0),
(41, '41', 'SERVICE PAR DEFAUT', 0, 0, 0),
(42, '42', 'STOMATOLOGIE 2', 1, 0, 0),
(43, '43', 'STOMATOLOGIE 3', 1, 0, 0),
(44, '44', 'RAPPORT D\'ACTIVITE', 1, 0, 0),
(46, '46', 'CDT', 1, 1, 0),
(48, '', 'ALLERGOLOGIE', 1, 1, 0),
(49, '', 'DIABETE', 1, 1, 0),
(50, '', 'LUNETTE', 0, 0, 0);

--
-- Indexes for dumped tables
--

--
-- Indexes for table `centre`
--
ALTER TABLE `centre`
  ADD PRIMARY KEY (`centre_id`),
  ADD KEY `centre_etatId` (`centre_etatId`),
  ADD KEY `centre_prsnlCBA` (`centre_prsnlCBA`),
  ADD KEY `centre_prsnlPharmacie` (`centre_prsnlPharmacie`),
  ADD KEY `centre_creationDate` (`centre_creationDate`),
  ADD KEY `centre_perslRespId` (`centre_perslRespId`),
  ADD KEY `centre_type` (`centre_type`),
  ADD KEY `centre_id` (`centre_id`);

--
-- Indexes for table `fonction`
--
ALTER TABLE `fonction`
  ADD PRIMARY KEY (`fonction_id`);

--
-- Indexes for table `personnel`
--
ALTER TABLE `personnel`
  ADD PRIMARY KEY (`persnl_id`),
  ADD KEY `persnl_login` (`persnl_login`,`persnl_password`),
  ADD KEY `persnl_etat` (`persnl_etatId`),
  ADD KEY `persnl_centreId` (`persnl_centreServiceId`),
  ADD KEY `persnl_centreServiceId` (`persnl_centreServiceId`),
  ADD KEY `persnl_nom` (`persnl_nom`),
  ADD KEY `persnl_prenom` (`persnl_prenom`),
  ADD KEY `persnl_login_2` (`persnl_login`),
  ADD KEY `persnl_password` (`persnl_password`);
ALTER TABLE `personnel` ADD FULLTEXT KEY `persnl_codeOnm` (`persnl_codeOnm`);
ALTER TABLE `personnel` ADD FULLTEXT KEY `persnl_nom_2` (`persnl_nom`);
ALTER TABLE `personnel` ADD FULLTEXT KEY `persnl_prenom_2` (`persnl_prenom`);
ALTER TABLE `personnel` ADD FULLTEXT KEY `persnl_matricule` (`persnl_matricule`);
ALTER TABLE `personnel` ADD FULLTEXT KEY `persnl_password_2` (`persnl_password`);
ALTER TABLE `personnel` ADD FULLTEXT KEY `persnl_login_3` (`persnl_login`);

--
-- Indexes for table `service`
--
ALTER TABLE `service`
  ADD PRIMARY KEY (`service_id`);

--
-- AUTO_INCREMENT for dumped tables
--

--
-- AUTO_INCREMENT for table `centre`
--
ALTER TABLE `centre`
  MODIFY `centre_id` int(11) UNSIGNED NOT NULL AUTO_INCREMENT, AUTO_INCREMENT=83;

--
-- AUTO_INCREMENT for table `fonction`
--
ALTER TABLE `fonction`
  MODIFY `fonction_id` int(11) UNSIGNED NOT NULL AUTO_INCREMENT, AUTO_INCREMENT=109;

--
-- AUTO_INCREMENT for table `personnel`
--
ALTER TABLE `personnel`
  MODIFY `persnl_id` int(10) UNSIGNED NOT NULL AUTO_INCREMENT, AUTO_INCREMENT=671;

--
-- AUTO_INCREMENT for table `service`
--
ALTER TABLE `service`
  MODIFY `service_id` int(10) UNSIGNED NOT NULL AUTO_INCREMENT, AUTO_INCREMENT=51;
COMMIT;

/*!40101 SET CHARACTER_SET_CLIENT=@OLD_CHARACTER_SET_CLIENT */;
/*!40101 SET CHARACTER_SET_RESULTS=@OLD_CHARACTER_SET_RESULTS */;
/*!40101 SET COLLATION_CONNECTION=@OLD_COLLATION_CONNECTION */;
